Date,Account Balance,Backtest ID,Risk
2024-09-23,10003.03,Test 10,"TP: 0.00, SL: 0.00"
2024-10-14,10048.84,Test 10,"TP: 0.00, SL: 0.00"
2024-10-21,10055.86,Test 10,"TP: 0.00, SL: 0.00"
2024-10-29,10029.61,Test 10,"TP: 0.00, SL: 0.00"
2024-10-30,10040.35,Test 10,"TP: 0.00, SL: 0.00"
2024-10-09,10025.97,Test 10,"TP: 0.00, SL: 0.00"
2024-10-22,10052.53,Test 10,"TP: 0.00, SL: 0.00"
2024-10-23,10042.69,Test 10,"TP: 0.00, SL: 0.00"
2024-09-20,10000.00,Test 10,"TP: 0.00, SL: 0.00"
2024-09-25,10007.05,Test 10,"TP: 0.00, SL: 0.00"
2024-11-01,10005.31,Test 10,"TP: 0.00, SL: 0.00"
2024-11-06,10047.58,Test 10,"TP: 0.00, SL: 0.00"
2024-10-11,10038.28,Test 10,"TP: 0.00, SL: 0.00"
2024-10-17,10052.47,Test 10,"TP: 0.00, SL: 0.00"
2024-10-15,10040.02,Test 10,"TP: 0.00, SL: 0.00"
2024-10-16,10040.02,Test 10,"TP: 0.00, SL: 0.00"
2024-09-26,10003.03,Test 10,"TP: 0.00, SL: 0.00"
2024-09-27,10003.03,Test 10,"TP: 0.00, SL: 0.00"
2024-09-30,9994.42,Test 10,"TP: 0.00, SL: 0.00"
2024-10-01,9997.36,Test 10,"TP: 0.00, SL: 0.00"
2024-10-04,10001.47,Test 10,"TP: 0.00, SL: 0.00"
2024-10-10,10027.81,Test 10,"TP: 0.00, SL: 0.00"
2024-10-25,10030.18,Test 10,"TP: 0.00, SL: 0.00"
2024-11-08,10047.58,Test 10,"TP: 0.00, SL: 0.00"
2024-10-02,10000.42,Test 10,"TP: 0.00, SL: 0.00"
2024-10-24,10040.26,Test 10,"TP: 0.00, SL: 0.00"
2024-10-31,10005.31,Test 10,"TP: 0.00, SL: 0.00"
2024-11-04,9998.05,Test 10,"TP: 0.00, SL: 0.00"
2024-11-05,9998.05,Test 10,"TP: 0.00, SL: 0.00"
2024-09-24,10007.77,Test 10,"TP: 0.00, SL: 0.00"
2024-10-08,10013.50,Test 10,"TP: 0.00, SL: 0.00"
2024-10-18,10052.47,Test 10,"TP: 0.00, SL: 0.00"
2024-10-28,10029.61,Test 10,"TP: 0.00, SL: 0.00"
2024-11-07,10047.58,Test 10,"TP: 0.00, SL: 0.00"
2024-10-03,10001.47,Test 10,"TP: 0.00, SL: 0.00"
2024-10-07,10014.34,Test 10,"TP: 0.00, SL: 0.00"
2024-10-01,9997.36,Test 4,"TP: 0.00, SL: 0.00"
2024-10-10,10027.81,Test 4,"TP: 0.00, SL: 0.00"
2024-10-25,10030.18,Test 4,"TP: 0.00, SL: 0.00"
2024-10-09,10025.97,Test 4,"TP: 0.00, SL: 0.00"
2024-10-11,10038.28,Test 4,"TP: 0.00, SL: 0.00"
2024-10-14,10048.84,Test 4,"TP: 0.00, SL: 0.00"
2024-10-16,10040.02,Test 4,"TP: 0.00, SL: 0.00"
2024-11-08,10054.42,Test 4,"TP: 0.00, SL: 0.00"
2024-11-05,10010.83,Test 4,"TP: 0.00, SL: 0.00"
2024-09-23,10003.03,Test 4,"TP: 0.00, SL: 0.00"
2024-09-30,9994.42,Test 4,"TP: 0.00, SL: 0.00"
2024-10-03,10001.47,Test 4,"TP: 0.00, SL: 0.00"
2024-10-28,10029.61,Test 4,"TP: 0.00, SL: 0.00"
2024-10-29,10029.61,Test 4,"TP: 0.00, SL: 0.00"
2024-10-30,10040.35,Test 4,"TP: 0.00, SL: 0.00"
2024-09-25,10007.05,Test 4,"TP: 0.00, SL: 0.00"
2024-09-26,10003.03,Test 4,"TP: 0.00, SL: 0.00"
2024-10-17,10052.47,Test 4,"TP: 0.00, SL: 0.00"
2024-10-21,10055.86,Test 4,"TP: 0.00, SL: 0.00"
2024-10-24,10040.26,Test 4,"TP: 0.00, SL: 0.00"
2024-10-31,10040.35,Test 4,"TP: 0.00, SL: 0.00"
2024-11-01,10011.13,Test 4,"TP: 0.00, SL: 0.00"
2024-11-06,10054.42,Test 4,"TP: 0.00, SL: 0.00"
2024-11-04,10000.96,Test 4,"TP: 0.00, SL: 0.00"
2024-10-02,10000.42,Test 4,"TP: 0.00, SL: 0.00"
2024-10-04,10001.47,Test 4,"TP: 0.00, SL: 0.00"
2024-10-08,10013.50,Test 4,"TP: 0.00, SL: 0.00"
2024-10-15,10040.02,Test 4,"TP: 0.00, SL: 0.00"
2024-10-18,10052.47,Test 4,"TP: 0.00, SL: 0.00"
2024-09-27,10003.03,Test 4,"TP: 0.00, SL: 0.00"
2024-10-22,10052.53,Test 4,"TP: 0.00, SL: 0.00"
2024-11-07,10054.42,Test 4,"TP: 0.00, SL: 0.00"
2024-09-20,10000.00,Test 4,"TP: 0.00, SL: 0.00"
2024-09-24,10007.77,Test 4,"TP: 0.00, SL: 0.00"
2024-10-07,10014.34,Test 4,"TP: 0.00, SL: 0.00"
2024-10-23,10042.69,Test 4,"TP: 0.00, SL: 0.00"
2024-10-07,10017.89,Test 22,"TP: 0.00, SL: 0.00"
2024-10-11,10025.68,Test 22,"TP: 0.00, SL: 0.00"
2024-10-30,10034.98,Test 22,"TP: 0.00, SL: 0.00"
2024-09-20,10000.00,Test 22,"TP: 0.00, SL: 0.00"
2024-09-26,10003.03,Test 22,"TP: 0.00, SL: 0.00"
2024-10-31,10011.01,Test 22,"TP: 0.00, SL: 0.00"
2024-11-07,10053.28,Test 22,"TP: 0.00, SL: 0.00"
2024-11-08,10053.28,Test 22,"TP: 0.00, SL: 0.00"
2024-09-24,10007.77,Test 22,"TP: 0.00, SL: 0.00"
2024-10-21,10050.49,Test 22,"TP: 0.00, SL: 0.00"
2024-10-17,10047.10,Test 22,"TP: 0.00, SL: 0.00"
2024-11-06,10053.28,Test 22,"TP: 0.00, SL: 0.00"
2024-09-23,10003.03,Test 22,"TP: 0.00, SL: 0.00"
2024-10-24,10034.89,Test 22,"TP: 0.00, SL: 0.00"
2024-10-23,10037.32,Test 22,"TP: 0.00, SL: 0.00"
2024-11-01,10011.01,Test 22,"TP: 0.00, SL: 0.00"
2024-10-03,10001.47,Test 22,"TP: 0.00, SL: 0.00"
2024-10-15,10034.65,Test 22,"TP: 0.00, SL: 0.00"
2024-10-09,10022.30,Test 22,"TP: 0.00, SL: 0.00"
2024-10-10,10022.09,Test 22,"TP: 0.00, SL: 0.00"
2024-10-22,10047.16,Test 22,"TP: 0.00, SL: 0.00"
2024-09-27,10003.03,Test 22,"TP: 0.00, SL: 0.00"
2024-10-01,9997.36,Test 22,"TP: 0.00, SL: 0.00"
2024-10-04,10001.47,Test 22,"TP: 0.00, SL: 0.00"
2024-10-08,10022.30,Test 22,"TP: 0.00, SL: 0.00"
2024-10-14,10043.47,Test 22,"TP: 0.00, SL: 0.00"
2024-10-16,10034.65,Test 22,"TP: 0.00, SL: 0.00"
2024-10-18,10047.10,Test 22,"TP: 0.00, SL: 0.00"
2024-10-29,10024.24,Test 22,"TP: 0.00, SL: 0.00"
2024-09-25,10007.05,Test 22,"TP: 0.00, SL: 0.00"
2024-09-30,9994.42,Test 22,"TP: 0.00, SL: 0.00"
2024-11-04,10003.75,Test 22,"TP: 0.00, SL: 0.00"
2024-10-28,10024.24,Test 22,"TP: 0.00, SL: 0.00"
2024-11-05,10003.75,Test 22,"TP: 0.00, SL: 0.00"
2024-10-02,10000.42,Test 22,"TP: 0.00, SL: 0.00"
2024-10-25,10024.81,Test 22,"TP: 0.00, SL: 0.00"
2024-10-02,9997.78,Test 31,"TP: 0.00, SL: 0.00"
2024-10-23,10011.06,Test 31,"TP: 0.00, SL: 0.00"
2024-10-25,10009.02,Test 31,"TP: 0.00, SL: 0.00"
2024-09-25,10004.53,Test 31,"TP: 0.00, SL: 0.00"
2024-10-17,10021.20,Test 31,"TP: 0.00, SL: 0.00"
2024-10-28,10019.10,Test 31,"TP: 0.00, SL: 0.00"
2024-10-30,10002.40,Test 31,"TP: 0.00, SL: 0.00"
2024-10-08,9997.32,Test 31,"TP: 0.00, SL: 0.00"
2024-10-16,10013.07,Test 31,"TP: 0.00, SL: 0.00"
2024-10-21,10025.82,Test 31,"TP: 0.00, SL: 0.00"
2024-10-24,10009.02,Test 31,"TP: 0.00, SL: 0.00"
2024-11-05,9998.02,Test 31,"TP: 0.00, SL: 0.00"
2024-10-01,9997.78,Test 31,"TP: 0.00, SL: 0.00"
2024-11-04,9998.02,Test 31,"TP: 0.00, SL: 0.00"
2024-10-15,10013.07,Test 31,"TP: 0.00, SL: 0.00"
2024-09-23,10004.47,Test 31,"TP: 0.00, SL: 0.00"
2024-09-24,10002.76,Test 31,"TP: 0.00, SL: 0.00"
2024-09-30,10007.66,Test 31,"TP: 0.00, SL: 0.00"
2024-10-03,9998.83,Test 31,"TP: 0.00, SL: 0.00"
2024-10-07,9992.91,Test 31,"TP: 0.00, SL: 0.00"
2024-10-10,10006.36,Test 31,"TP: 0.00, SL: 0.00"
2024-10-11,10013.07,Test 31,"TP: 0.00, SL: 0.00"
2024-10-18,10025.82,Test 31,"TP: 0.00, SL: 0.00"
2024-10-22,10016.67,Test 31,"TP: 0.00, SL: 0.00"
2024-10-29,10011.60,Test 31,"TP: 0.00, SL: 0.00"
2024-11-06,10044.49,Test 31,"TP: 0.00, SL: 0.00"
2024-09-26,10009.18,Test 31,"TP: 0.00, SL: 0.00"
2024-10-04,9993.55,Test 31,"TP: 0.00, SL: 0.00"
2024-11-07,10044.49,Test 31,"TP: 0.00, SL: 0.00"
2024-09-20,10000.00,Test 31,"TP: 0.00, SL: 0.00"
2024-10-09,10001.88,Test 31,"TP: 0.00, SL: 0.00"
2024-10-31,10002.40,Test 31,"TP: 0.00, SL: 0.00"
2024-09-27,10016.27,Test 31,"TP: 0.00, SL: 0.00"
2024-10-14,10013.07,Test 31,"TP: 0.00, SL: 0.00"
2024-11-01,9998.02,Test 31,"TP: 0.00, SL: 0.00"
2024-11-08,10049.02,Test 31,"TP: 0.00, SL: 0.00"
2024-10-07,9994.46,Test 28,"TP: 0.00, SL: 0.00"
2024-10-17,10017.04,Test 28,"TP: 0.00, SL: 0.00"
2024-11-07,10048.03,Test 28,"TP: 0.00, SL: 0.00"
2024-10-01,9995.83,Test 28,"TP: 0.00, SL: 0.00"
2024-10-04,9995.11,Test 28,"TP: 0.00, SL: 0.00"
2024-10-28,9994.18,Test 28,"TP: 0.00, SL: 0.00"
2024-10-30,9998.44,Test 28,"TP: 0.00, SL: 0.00"
2024-10-31,9998.44,Test 28,"TP: 0.00, SL: 0.00"
2024-11-04,9988.63,Test 28,"TP: 0.00, SL: 0.00"
2024-09-26,9996.70,Test 28,"TP: 0.00, SL: 0.00"
2024-10-08,9998.87,Test 28,"TP: 0.00, SL: 0.00"
2024-09-24,10007.77,Test 28,"TP: 0.00, SL: 0.00"
2024-09-27,9996.70,Test 28,"TP: 0.00, SL: 0.00"
2024-10-02,9988.49,Test 28,"TP: 0.00, SL: 0.00"
2024-10-14,10013.41,Test 28,"TP: 0.00, SL: 0.00"
2024-10-15,10004.59,Test 28,"TP: 0.00, SL: 0.00"
2024-10-18,10017.04,Test 28,"TP: 0.00, SL: 0.00"
2024-09-20,10000.00,Test 28,"TP: 0.00, SL: 0.00"
2024-09-23,10003.03,Test 28,"TP: 0.00, SL: 0.00"
2024-10-22,10017.10,Test 28,"TP: 0.00, SL: 0.00"
2024-10-25,9994.75,Test 28,"TP: 0.00, SL: 0.00"
2024-10-21,10020.43,Test 28,"TP: 0.00, SL: 0.00"
2024-10-24,10004.83,Test 28,"TP: 0.00, SL: 0.00"
2024-10-23,10007.26,Test 28,"TP: 0.00, SL: 0.00"
2024-10-29,10003.03,Test 28,"TP: 0.00, SL: 0.00"
2024-10-03,9989.54,Test 28,"TP: 0.00, SL: 0.00"
2024-10-10,9998.66,Test 28,"TP: 0.00, SL: 0.00"
2024-11-01,9998.44,Test 28,"TP: 0.00, SL: 0.00"
2024-11-06,10048.03,Test 28,"TP: 0.00, SL: 0.00"
2024-09-30,10004.86,Test 28,"TP: 0.00, SL: 0.00"
2024-10-11,10002.25,Test 28,"TP: 0.00, SL: 0.00"
2024-11-05,9998.50,Test 28,"TP: 0.00, SL: 0.00"
2024-10-09,9998.87,Test 28,"TP: 0.00, SL: 0.00"
2024-10-16,10004.59,Test 28,"TP: 0.00, SL: 0.00"
2024-09-25,10007.05,Test 28,"TP: 0.00, SL: 0.00"
2024-11-08,10057.01,Test 28,"TP: 0.00, SL: 0.00"
2024-10-14,9992.69,Test 29,"TP: 0.00, SL: 0.00"
2024-10-22,9994.12,Test 29,"TP: 0.00, SL: 0.00"
2024-11-04,9967.40,Test 29,"TP: 0.00, SL: 0.00"
2024-09-20,10000.00,Test 29,"TP: 0.00, SL: 0.00"
2024-09-24,10008.22,Test 29,"TP: 0.00, SL: 0.00"
2024-10-25,9982.72,Test 29,"TP: 0.00, SL: 0.00"
2024-11-06,10017.26,Test 29,"TP: 0.00, SL: 0.00"
2024-10-08,9973.45,Test 29,"TP: 0.00, SL: 0.00"
2024-10-09,9978.16,Test 29,"TP: 0.00, SL: 0.00"
2024-10-07,9968.95,Test 29,"TP: 0.00, SL: 0.00"
2024-10-24,9987.22,Test 29,"TP: 0.00, SL: 0.00"
2024-11-05,9972.92,Test 29,"TP: 0.00, SL: 0.00"
2024-11-07,10017.26,Test 29,"TP: 0.00, SL: 0.00"
2024-09-26,10009.03,Test 29,"TP: 0.00, SL: 0.00"
2024-10-01,9989.35,Test 29,"TP: 0.00, SL: 0.00"
2024-11-01,9967.40,Test 29,"TP: 0.00, SL: 0.00"
2024-09-30,9998.38,Test 29,"TP: 0.00, SL: 0.00"
2024-10-02,9982.01,Test 29,"TP: 0.00, SL: 0.00"
2024-10-28,9982.15,Test 29,"TP: 0.00, SL: 0.00"
2024-10-29,9991.00,Test 29,"TP: 0.00, SL: 0.00"
2024-10-15,9987.86,Test 29,"TP: 0.00, SL: 0.00"
2024-10-23,9989.65,Test 29,"TP: 0.00, SL: 0.00"
2024-10-04,9969.59,Test 29,"TP: 0.00, SL: 0.00"
2024-10-10,9977.95,Test 29,"TP: 0.00, SL: 0.00"
2024-10-11,9981.53,Test 29,"TP: 0.00, SL: 0.00"
2024-09-23,10003.03,Test 29,"TP: 0.00, SL: 0.00"
2024-10-03,9978.59,Test 29,"TP: 0.00, SL: 0.00"
2024-10-18,9994.06,Test 29,"TP: 0.00, SL: 0.00"
2024-10-21,9997.45,Test 29,"TP: 0.00, SL: 0.00"
2024-09-25,10009.99,Test 29,"TP: 0.00, SL: 0.00"
2024-10-16,9994.06,Test 29,"TP: 0.00, SL: 0.00"
2024-10-30,9985.63,Test 29,"TP: 0.00, SL: 0.00"
2024-10-31,9967.66,Test 29,"TP: 0.00, SL: 0.00"
2024-11-08,10026.24,Test 29,"TP: 0.00, SL: 0.00"
2024-09-27,10013.50,Test 29,"TP: 0.00, SL: 0.00"
2024-10-17,9994.06,Test 29,"TP: 0.00, SL: 0.00"
2024-10-09,10001.88,Test 33,"TP: 0.00, SL: 0.00"
2024-10-21,10025.82,Test 33,"TP: 0.00, SL: 0.00"
2024-10-08,9997.32,Test 33,"TP: 0.00, SL: 0.00"
2024-10-18,10025.82,Test 33,"TP: 0.00, SL: 0.00"
2024-10-25,10026.66,Test 33,"TP: 0.00, SL: 0.00"
2024-10-30,10006.93,Test 33,"TP: 0.00, SL: 0.00"
2024-10-31,10006.93,Test 33,"TP: 0.00, SL: 0.00"
2024-11-05,10002.55,Test 33,"TP: 0.00, SL: 0.00"
2024-10-01,9997.78,Test 33,"TP: 0.00, SL: 0.00"
2024-10-17,10021.20,Test 33,"TP: 0.00, SL: 0.00"
2024-10-23,10011.06,Test 33,"TP: 0.00, SL: 0.00"
2024-10-29,10016.13,Test 33,"TP: 0.00, SL: 0.00"
2024-09-25,10004.53,Test 33,"TP: 0.00, SL: 0.00"
2024-10-02,9997.78,Test 33,"TP: 0.00, SL: 0.00"
2024-10-28,10024.71,Test 33,"TP: 0.00, SL: 0.00"
2024-10-15,10013.07,Test 33,"TP: 0.00, SL: 0.00"
2024-10-16,10013.07,Test 33,"TP: 0.00, SL: 0.00"
2024-11-06,10014.22,Test 33,"TP: 0.00, SL: 0.00"
2024-09-23,10004.47,Test 33,"TP: 0.00, SL: 0.00"
2024-09-30,10007.66,Test 33,"TP: 0.00, SL: 0.00"
2024-10-07,9992.91,Test 33,"TP: 0.00, SL: 0.00"
2024-10-10,10006.36,Test 33,"TP: 0.00, SL: 0.00"
2024-09-26,10009.18,Test 33,"TP: 0.00, SL: 0.00"
2024-09-27,10016.27,Test 33,"TP: 0.00, SL: 0.00"
2024-11-01,10002.55,Test 33,"TP: 0.00, SL: 0.00"
2024-11-07,10014.22,Test 33,"TP: 0.00, SL: 0.00"
2024-10-24,10009.02,Test 33,"TP: 0.00, SL: 0.00"
2024-11-08,10018.75,Test 33,"TP: 0.00, SL: 0.00"
2024-09-24,10002.76,Test 33,"TP: 0.00, SL: 0.00"
2024-10-03,9998.83,Test 33,"TP: 0.00, SL: 0.00"
2024-10-04,9993.55,Test 33,"TP: 0.00, SL: 0.00"
2024-10-14,10013.07,Test 33,"TP: 0.00, SL: 0.00"
2024-09-20,10000.00,Test 33,"TP: 0.00, SL: 0.00"
2024-10-11,10013.07,Test 33,"TP: 0.00, SL: 0.00"
2024-10-22,10016.67,Test 33,"TP: 0.00, SL: 0.00"
2024-11-04,10002.55,Test 33,"TP: 0.00, SL: 0.00"
2024-09-27,9996.70,Test 25,"TP: 0.00, SL: 0.00"
2024-09-30,10004.86,Test 25,"TP: 0.00, SL: 0.00"
2024-10-03,9989.54,Test 25,"TP: 0.00, SL: 0.00"
2024-10-10,9998.66,Test 25,"TP: 0.00, SL: 0.00"
2024-10-18,10015.90,Test 25,"TP: 0.00, SL: 0.00"
2024-10-28,10025.23,Test 25,"TP: 0.00, SL: 0.00"
2024-09-24,10007.77,Test 25,"TP: 0.00, SL: 0.00"
2024-10-02,9988.49,Test 25,"TP: 0.00, SL: 0.00"
2024-10-07,9994.46,Test 25,"TP: 0.00, SL: 0.00"
2024-10-08,9998.87,Test 25,"TP: 0.00, SL: 0.00"
2024-10-17,10015.90,Test 25,"TP: 0.00, SL: 0.00"
2024-10-30,10022.32,Test 25,"TP: 0.00, SL: 0.00"
2024-11-05,9975.67,Test 25,"TP: 0.00, SL: 0.00"
2024-10-04,9995.11,Test 25,"TP: 0.00, SL: 0.00"
2024-10-22,10023.58,Test 25,"TP: 0.00, SL: 0.00"
2024-10-24,10015.15,Test 25,"TP: 0.00, SL: 0.00"
2024-09-23,10003.03,Test 25,"TP: 0.00, SL: 0.00"
2024-09-20,10000.00,Test 25,"TP: 0.00, SL: 0.00"
2024-10-09,9998.87,Test 25,"TP: 0.00, SL: 0.00"
2024-10-15,10013.41,Test 25,"TP: 0.00, SL: 0.00"
2024-10-16,10013.41,Test 25,"TP: 0.00, SL: 0.00"
2024-10-21,10014.49,Test 25,"TP: 0.00, SL: 0.00"
2024-10-29,10017.73,Test 25,"TP: 0.00, SL: 0.00"
2024-09-26,9996.70,Test 25,"TP: 0.00, SL: 0.00"
2024-11-04,9975.67,Test 25,"TP: 0.00, SL: 0.00"
2024-11-06,10028.44,Test 25,"TP: 0.00, SL: 0.00"
2024-09-25,10007.05,Test 25,"TP: 0.00, SL: 0.00"
2024-10-11,10002.25,Test 25,"TP: 0.00, SL: 0.00"
2024-10-23,10023.58,Test 25,"TP: 0.00, SL: 0.00"
2024-10-31,10022.32,Test 25,"TP: 0.00, SL: 0.00"
2024-10-01,9995.83,Test 25,"TP: 0.00, SL: 0.00"
2024-10-14,10013.41,Test 25,"TP: 0.00, SL: 0.00"
2024-10-25,10015.15,Test 25,"TP: 0.00, SL: 0.00"
2024-11-01,9985.48,Test 25,"TP: 0.00, SL: 0.00"
2024-11-07,10051.54,Test 25,"TP: 0.00, SL: 0.00"
2024-11-08,10051.54,Test 25,"TP: 0.00, SL: 0.00"
2024-10-07,9992.91,Test 30,"TP: 0.00, SL: 0.00"
2024-10-25,10009.02,Test 30,"TP: 0.00, SL: 0.00"
2024-11-08,10049.02,Test 30,"TP: 0.00, SL: 0.00"
2024-11-01,9998.02,Test 30,"TP: 0.00, SL: 0.00"
2024-10-01,9997.78,Test 30,"TP: 0.00, SL: 0.00"
2024-10-08,9997.32,Test 30,"TP: 0.00, SL: 0.00"
2024-10-16,10013.07,Test 30,"TP: 0.00, SL: 0.00"
2024-10-18,10025.82,Test 30,"TP: 0.00, SL: 0.00"
2024-10-23,10011.06,Test 30,"TP: 0.00, SL: 0.00"
2024-10-09,10001.88,Test 30,"TP: 0.00, SL: 0.00"
2024-10-17,10021.20,Test 30,"TP: 0.00, SL: 0.00"
2024-10-24,10009.02,Test 30,"TP: 0.00, SL: 0.00"
2024-09-26,10009.18,Test 30,"TP: 0.00, SL: 0.00"
2024-09-27,10016.27,Test 30,"TP: 0.00, SL: 0.00"
2024-09-30,10007.66,Test 30,"TP: 0.00, SL: 0.00"
2024-10-03,9998.83,Test 30,"TP: 0.00, SL: 0.00"
2024-10-04,9993.55,Test 30,"TP: 0.00, SL: 0.00"
2024-10-31,10002.40,Test 30,"TP: 0.00, SL: 0.00"
2024-11-05,9998.02,Test 30,"TP: 0.00, SL: 0.00"
2024-10-11,10013.07,Test 30,"TP: 0.00, SL: 0.00"
2024-10-21,10025.82,Test 30,"TP: 0.00, SL: 0.00"
2024-09-20,10000.00,Test 30,"TP: 0.00, SL: 0.00"
2024-10-15,10013.07,Test 30,"TP: 0.00, SL: 0.00"
2024-11-06,10044.49,Test 30,"TP: 0.00, SL: 0.00"
2024-11-07,10044.49,Test 30,"TP: 0.00, SL: 0.00"
2024-09-25,10004.53,Test 30,"TP: 0.00, SL: 0.00"
2024-10-02,9997.78,Test 30,"TP: 0.00, SL: 0.00"
2024-10-10,10006.36,Test 30,"TP: 0.00, SL: 0.00"
2024-10-22,10016.67,Test 30,"TP: 0.00, SL: 0.00"
2024-11-04,9998.02,Test 30,"TP: 0.00, SL: 0.00"
2024-10-30,10002.40,Test 30,"TP: 0.00, SL: 0.00"
2024-09-23,10004.47,Test 30,"TP: 0.00, SL: 0.00"
2024-09-24,10002.76,Test 30,"TP: 0.00, SL: 0.00"
2024-10-14,10013.07,Test 30,"TP: 0.00, SL: 0.00"
2024-10-28,10019.10,Test 30,"TP: 0.00, SL: 0.00"
2024-10-29,10011.60,Test 30,"TP: 0.00, SL: 0.00"
2024-10-02,9997.78,Test 34,"TP: 0.00, SL: 0.00"
2024-11-04,9989.68,Test 34,"TP: 0.00, SL: 0.00"
2024-09-26,10009.18,Test 34,"TP: 0.00, SL: 0.00"
2024-10-11,10013.07,Test 34,"TP: 0.00, SL: 0.00"
2024-10-16,10004.25,Test 34,"TP: 0.00, SL: 0.00"
2024-10-22,10009.92,Test 34,"TP: 0.00, SL: 0.00"
2024-10-30,9994.06,Test 34,"TP: 0.00, SL: 0.00"
2024-11-08,10002.76,Test 34,"TP: 0.00, SL: 0.00"
2024-09-27,10016.27,Test 34,"TP: 0.00, SL: 0.00"
2024-10-09,10001.88,Test 34,"TP: 0.00, SL: 0.00"
2024-10-23,10000.08,Test 34,"TP: 0.00, SL: 0.00"
2024-10-01,9997.78,Test 34,"TP: 0.00, SL: 0.00"
2024-10-24,9998.04,Test 34,"TP: 0.00, SL: 0.00"
2024-11-05,9999.55,Test 34,"TP: 0.00, SL: 0.00"
2024-09-25,10004.53,Test 34,"TP: 0.00, SL: 0.00"
2024-10-25,9998.82,Test 34,"TP: 0.00, SL: 0.00"
2024-11-01,9989.68,Test 34,"TP: 0.00, SL: 0.00"
2024-10-07,9992.91,Test 34,"TP: 0.00, SL: 0.00"
2024-10-03,9998.83,Test 34,"TP: 0.00, SL: 0.00"
2024-11-06,9998.22,Test 34,"TP: 0.00, SL: 0.00"
2024-09-20,10000.00,Test 34,"TP: 0.00, SL: 0.00"
2024-09-30,10007.66,Test 34,"TP: 0.00, SL: 0.00"
2024-10-08,9997.32,Test 34,"TP: 0.00, SL: 0.00"
2024-10-17,10016.70,Test 34,"TP: 0.00, SL: 0.00"
2024-10-18,10021.32,Test 34,"TP: 0.00, SL: 0.00"
2024-10-29,10003.26,Test 34,"TP: 0.00, SL: 0.00"
2024-10-31,9994.06,Test 34,"TP: 0.00, SL: 0.00"
2024-09-23,10004.47,Test 34,"TP: 0.00, SL: 0.00"
2024-10-04,9993.55,Test 34,"TP: 0.00, SL: 0.00"
2024-10-10,10006.36,Test 34,"TP: 0.00, SL: 0.00"
2024-10-14,10013.07,Test 34,"TP: 0.00, SL: 0.00"
2024-10-15,10004.25,Test 34,"TP: 0.00, SL: 0.00"
2024-10-21,10012.20,Test 34,"TP: 0.00, SL: 0.00"
2024-10-28,9998.25,Test 34,"TP: 0.00, SL: 0.00"
2024-11-07,9998.22,Test 34,"TP: 0.00, SL: 0.00"
2024-09-24,10002.76,Test 34,"TP: 0.00, SL: 0.00"
2024-09-27,10003.03,Test 2,"TP: 0.00, SL: 0.00"
2024-10-01,9997.36,Test 2,"TP: 0.00, SL: 0.00"
2024-10-23,10041.91,Test 2,"TP: 0.00, SL: 0.00"
2024-10-25,10033.48,Test 2,"TP: 0.00, SL: 0.00"
2024-10-28,10043.56,Test 2,"TP: 0.00, SL: 0.00"
2024-11-01,10014.07,Test 2,"TP: 0.00, SL: 0.00"
2024-11-04,10006.81,Test 2,"TP: 0.00, SL: 0.00"
2024-09-24,10007.77,Test 2,"TP: 0.00, SL: 0.00"
2024-10-09,10025.97,Test 2,"TP: 0.00, SL: 0.00"
2024-10-10,10027.81,Test 2,"TP: 0.00, SL: 0.00"
2024-10-16,10041.85,Test 2,"TP: 0.00, SL: 0.00"
2024-10-07,10014.34,Test 2,"TP: 0.00, SL: 0.00"
2024-10-17,10041.85,Test 2,"TP: 0.00, SL: 0.00"
2024-10-30,10040.65,Test 2,"TP: 0.00, SL: 0.00"
2024-09-20,10000.00,Test 2,"TP: 0.00, SL: 0.00"
2024-09-23,10003.03,Test 2,"TP: 0.00, SL: 0.00"
2024-10-08,10013.50,Test 2,"TP: 0.00, SL: 0.00"
2024-10-14,10038.28,Test 2,"TP: 0.00, SL: 0.00"
2024-10-24,10033.48,Test 2,"TP: 0.00, SL: 0.00"
2024-10-29,10036.06,Test 2,"TP: 0.00, SL: 0.00"
2024-10-15,10038.28,Test 2,"TP: 0.00, SL: 0.00"
2024-11-05,10006.81,Test 2,"TP: 0.00, SL: 0.00"
2024-09-30,9994.42,Test 2,"TP: 0.00, SL: 0.00"
2024-10-02,10000.42,Test 2,"TP: 0.00, SL: 0.00"
2024-10-04,10001.47,Test 2,"TP: 0.00, SL: 0.00"
2024-10-21,10045.24,Test 2,"TP: 0.00, SL: 0.00"
2024-10-22,10041.91,Test 2,"TP: 0.00, SL: 0.00"
2024-10-31,10014.07,Test 2,"TP: 0.00, SL: 0.00"
2024-11-08,10050.40,Test 2,"TP: 0.00, SL: 0.00"
2024-09-25,10007.05,Test 2,"TP: 0.00, SL: 0.00"
2024-10-03,10001.47,Test 2,"TP: 0.00, SL: 0.00"
2024-10-11,10038.28,Test 2,"TP: 0.00, SL: 0.00"
2024-10-18,10041.85,Test 2,"TP: 0.00, SL: 0.00"
2024-09-26,10003.03,Test 2,"TP: 0.00, SL: 0.00"
2024-11-06,10050.40,Test 2,"TP: 0.00, SL: 0.00"
2024-11-07,10050.40,Test 2,"TP: 0.00, SL: 0.00"
2024-10-11,10002.25,Test 26,"TP: 0.00, SL: 0.00"
2024-10-18,10015.90,Test 26,"TP: 0.00, SL: 0.00"
2024-10-24,10015.15,Test 26,"TP: 0.00, SL: 0.00"
2024-10-25,10015.15,Test 26,"TP: 0.00, SL: 0.00"
2024-10-31,9995.74,Test 26,"TP: 0.00, SL: 0.00"
2024-09-27,9996.70,Test 26,"TP: 0.00, SL: 0.00"
2024-10-03,9989.54,Test 26,"TP: 0.00, SL: 0.00"
2024-10-08,9998.87,Test 26,"TP: 0.00, SL: 0.00"
2024-11-04,9985.93,Test 26,"TP: 0.00, SL: 0.00"
2024-11-07,10061.80,Test 26,"TP: 0.00, SL: 0.00"
2024-09-20,10000.00,Test 26,"TP: 0.00, SL: 0.00"
2024-10-07,9994.46,Test 26,"TP: 0.00, SL: 0.00"
2024-10-10,9998.66,Test 26,"TP: 0.00, SL: 0.00"
2024-10-01,9995.83,Test 26,"TP: 0.00, SL: 0.00"
2024-10-02,9988.49,Test 26,"TP: 0.00, SL: 0.00"
2024-10-21,10014.49,Test 26,"TP: 0.00, SL: 0.00"
2024-09-25,10007.05,Test 26,"TP: 0.00, SL: 0.00"
2024-10-23,10023.58,Test 26,"TP: 0.00, SL: 0.00"
2024-10-29,10017.73,Test 26,"TP: 0.00, SL: 0.00"
2024-09-24,10007.77,Test 26,"TP: 0.00, SL: 0.00"
2024-10-14,10013.41,Test 26,"TP: 0.00, SL: 0.00"
2024-10-15,10013.41,Test 26,"TP: 0.00, SL: 0.00"
2024-11-05,9985.93,Test 26,"TP: 0.00, SL: 0.00"
2024-09-23,10003.03,Test 26,"TP: 0.00, SL: 0.00"
2024-09-30,10004.86,Test 26,"TP: 0.00, SL: 0.00"
2024-10-22,10023.58,Test 26,"TP: 0.00, SL: 0.00"
2024-10-30,10022.32,Test 26,"TP: 0.00, SL: 0.00"
2024-10-04,9995.11,Test 26,"TP: 0.00, SL: 0.00"
2024-10-17,10015.90,Test 26,"TP: 0.00, SL: 0.00"
2024-10-28,10025.23,Test 26,"TP: 0.00, SL: 0.00"
2024-11-01,9995.74,Test 26,"TP: 0.00, SL: 0.00"
2024-11-06,10038.70,Test 26,"TP: 0.00, SL: 0.00"
2024-11-08,10061.80,Test 26,"TP: 0.00, SL: 0.00"
2024-09-26,9996.70,Test 26,"TP: 0.00, SL: 0.00"
2024-10-09,9998.87,Test 26,"TP: 0.00, SL: 0.00"
2024-10-16,10013.41,Test 26,"TP: 0.00, SL: 0.00"
2024-10-11,10038.28,Test 0,"TP: 0.00, SL: 0.00"
2024-10-15,10038.28,Test 0,"TP: 0.00, SL: 0.00"
2024-10-25,10033.48,Test 0,"TP: 0.00, SL: 0.00"
2024-11-04,10019.20,Test 0,"TP: 0.00, SL: 0.00"
2024-11-06,10071.97,Test 0,"TP: 0.00, SL: 0.00"
2024-10-04,10001.47,Test 0,"TP: 0.00, SL: 0.00"
2024-10-28,10043.56,Test 0,"TP: 0.00, SL: 0.00"
2024-10-31,10040.65,Test 0,"TP: 0.00, SL: 0.00"
2024-11-01,10019.20,Test 0,"TP: 0.00, SL: 0.00"
2024-09-30,9994.42,Test 0,"TP: 0.00, SL: 0.00"
2024-09-26,10003.03,Test 0,"TP: 0.00, SL: 0.00"
2024-10-02,10000.42,Test 0,"TP: 0.00, SL: 0.00"
2024-10-23,10041.91,Test 0,"TP: 0.00, SL: 0.00"
2024-10-30,10040.65,Test 0,"TP: 0.00, SL: 0.00"
2024-09-20,10000.00,Test 0,"TP: 0.00, SL: 0.00"
2024-10-16,10041.85,Test 0,"TP: 0.00, SL: 0.00"
2024-10-14,10038.28,Test 0,"TP: 0.00, SL: 0.00"
2024-09-27,10003.03,Test 0,"TP: 0.00, SL: 0.00"
2024-10-03,10001.47,Test 0,"TP: 0.00, SL: 0.00"
2024-10-07,10014.34,Test 0,"TP: 0.00, SL: 0.00"
2024-10-08,10013.50,Test 0,"TP: 0.00, SL: 0.00"
2024-10-18,10041.85,Test 0,"TP: 0.00, SL: 0.00"
2024-10-21,10045.24,Test 0,"TP: 0.00, SL: 0.00"
2024-10-29,10036.06,Test 0,"TP: 0.00, SL: 0.00"
2024-09-25,10007.05,Test 0,"TP: 0.00, SL: 0.00"
2024-10-09,10025.97,Test 0,"TP: 0.00, SL: 0.00"
2024-10-10,10027.81,Test 0,"TP: 0.00, SL: 0.00"
2024-09-23,10003.03,Test 0,"TP: 0.00, SL: 0.00"
2024-10-17,10041.85,Test 0,"TP: 0.00, SL: 0.00"
2024-10-22,10041.91,Test 0,"TP: 0.00, SL: 0.00"
2024-10-24,10033.48,Test 0,"TP: 0.00, SL: 0.00"
2024-11-05,10019.20,Test 0,"TP: 0.00, SL: 0.00"
2024-11-07,10095.07,Test 0,"TP: 0.00, SL: 0.00"
2024-10-01,9997.36,Test 0,"TP: 0.00, SL: 0.00"
2024-11-08,10095.07,Test 0,"TP: 0.00, SL: 0.00"
2024-09-24,10007.77,Test 0,"TP: 0.00, SL: 0.00"
2024-10-04,10018.52,Test 5,"TP: 0.00, SL: 0.00"
2024-10-25,10027.72,Test 5,"TP: 0.00, SL: 0.00"
2024-10-28,10027.15,Test 5,"TP: 0.00, SL: 0.00"
2024-11-01,10003.55,Test 5,"TP: 0.00, SL: 0.00"
2024-10-09,10021.00,Test 5,"TP: 0.00, SL: 0.00"
2024-10-24,10032.22,Test 5,"TP: 0.00, SL: 0.00"
2024-09-20,10000.00,Test 5,"TP: 0.00, SL: 0.00"
2024-10-02,10021.94,Test 5,"TP: 0.00, SL: 0.00"
2024-10-03,10018.52,Test 5,"TP: 0.00, SL: 0.00"
2024-10-07,10011.79,Test 5,"TP: 0.00, SL: 0.00"
2024-10-01,10018.88,Test 5,"TP: 0.00, SL: 0.00"
2024-10-17,10039.06,Test 5,"TP: 0.00, SL: 0.00"
2024-10-18,10039.06,Test 5,"TP: 0.00, SL: 0.00"
2024-10-30,10037.89,Test 5,"TP: 0.00, SL: 0.00"
2024-10-11,10024.37,Test 5,"TP: 0.00, SL: 0.00"
2024-10-15,10032.86,Test 5,"TP: 0.00, SL: 0.00"
2024-10-08,10016.29,Test 5,"TP: 0.00, SL: 0.00"
2024-10-21,10042.45,Test 5,"TP: 0.00, SL: 0.00"
2024-11-05,10009.07,Test 5,"TP: 0.00, SL: 0.00"
2024-11-07,10052.66,Test 5,"TP: 0.00, SL: 0.00"
2024-10-31,10037.89,Test 5,"TP: 0.00, SL: 0.00"
2024-11-08,10052.66,Test 5,"TP: 0.00, SL: 0.00"
2024-09-24,10008.22,Test 5,"TP: 0.00, SL: 0.00"
2024-10-14,10024.37,Test 5,"TP: 0.00, SL: 0.00"
2024-10-16,10039.06,Test 5,"TP: 0.00, SL: 0.00"
2024-10-22,10039.12,Test 5,"TP: 0.00, SL: 0.00"
2024-09-25,10009.99,Test 5,"TP: 0.00, SL: 0.00"
2024-09-27,10016.21,Test 5,"TP: 0.00, SL: 0.00"
2024-10-29,10027.15,Test 5,"TP: 0.00, SL: 0.00"
2024-11-06,10052.66,Test 5,"TP: 0.00, SL: 0.00"
2024-10-23,10034.65,Test 5,"TP: 0.00, SL: 0.00"
2024-11-04,10003.55,Test 5,"TP: 0.00, SL: 0.00"
2024-09-23,10003.03,Test 5,"TP: 0.00, SL: 0.00"
2024-09-26,10011.74,Test 5,"TP: 0.00, SL: 0.00"
2024-09-30,10015.94,Test 5,"TP: 0.00, SL: 0.00"
2024-10-10,10020.79,Test 5,"TP: 0.00, SL: 0.00"
2024-09-27,10003.03,Test 7,"TP: 0.00, SL: 0.00"
2024-10-30,10040.65,Test 7,"TP: 0.00, SL: 0.00"
2024-11-05,9996.55,Test 7,"TP: 0.00, SL: 0.00"
2024-10-04,10001.47,Test 7,"TP: 0.00, SL: 0.00"
2024-10-08,10013.50,Test 7,"TP: 0.00, SL: 0.00"
2024-10-21,10045.24,Test 7,"TP: 0.00, SL: 0.00"
2024-09-23,10003.03,Test 7,"TP: 0.00, SL: 0.00"
2024-10-03,10001.47,Test 7,"TP: 0.00, SL: 0.00"
2024-10-09,10025.97,Test 7,"TP: 0.00, SL: 0.00"
2024-10-31,10040.65,Test 7,"TP: 0.00, SL: 0.00"
2024-10-10,10027.81,Test 7,"TP: 0.00, SL: 0.00"
2024-10-15,10038.28,Test 7,"TP: 0.00, SL: 0.00"
2024-10-17,10041.85,Test 7,"TP: 0.00, SL: 0.00"
2024-10-28,10043.56,Test 7,"TP: 0.00, SL: 0.00"
2024-11-08,10059.43,Test 7,"TP: 0.00, SL: 0.00"
2024-09-26,10003.03,Test 7,"TP: 0.00, SL: 0.00"
2024-10-01,9997.36,Test 7,"TP: 0.00, SL: 0.00"
2024-10-18,10041.85,Test 7,"TP: 0.00, SL: 0.00"
2024-10-29,10036.06,Test 7,"TP: 0.00, SL: 0.00"
2024-09-30,9994.42,Test 7,"TP: 0.00, SL: 0.00"
2024-10-02,10000.42,Test 7,"TP: 0.00, SL: 0.00"
2024-10-23,10041.91,Test 7,"TP: 0.00, SL: 0.00"
2024-10-25,10033.48,Test 7,"TP: 0.00, SL: 0.00"
2024-11-01,10003.81,Test 7,"TP: 0.00, SL: 0.00"
2024-11-06,10036.33,Test 7,"TP: 0.00, SL: 0.00"
2024-09-20,10000.00,Test 7,"TP: 0.00, SL: 0.00"
2024-10-16,10041.85,Test 7,"TP: 0.00, SL: 0.00"
2024-10-24,10033.48,Test 7,"TP: 0.00, SL: 0.00"
2024-11-04,9996.55,Test 7,"TP: 0.00, SL: 0.00"
2024-11-07,10059.43,Test 7,"TP: 0.00, SL: 0.00"
2024-09-24,10007.77,Test 7,"TP: 0.00, SL: 0.00"
2024-09-25,10007.05,Test 7,"TP: 0.00, SL: 0.00"
2024-10-07,10014.34,Test 7,"TP: 0.00, SL: 0.00"
2024-10-11,10038.28,Test 7,"TP: 0.00, SL: 0.00"
2024-10-14,10038.28,Test 7,"TP: 0.00, SL: 0.00"
2024-10-22,10041.91,Test 7,"TP: 0.00, SL: 0.00"
2024-10-09,9998.96,Test 35,"TP: 0.00, SL: 0.00"
2024-10-24,10000.93,Test 35,"TP: 0.00, SL: 0.00"
2024-11-04,9992.69,Test 35,"TP: 0.00, SL: 0.00"
2024-09-20,10000.00,Test 35,"TP: 0.00, SL: 0.00"
2024-10-04,9985.84,Test 35,"TP: 0.00, SL: 0.00"
2024-11-01,9992.69,Test 35,"TP: 0.00, SL: 0.00"
2024-11-05,9998.21,Test 35,"TP: 0.00, SL: 0.00"
2024-09-30,10011.95,Test 35,"TP: 0.00, SL: 0.00"
2024-10-08,9989.70,Test 35,"TP: 0.00, SL: 0.00"
2024-10-10,10003.45,Test 35,"TP: 0.00, SL: 0.00"
2024-10-16,10011.52,Test 35,"TP: 0.00, SL: 0.00"
2024-11-08,10001.42,Test 35,"TP: 0.00, SL: 0.00"
2024-10-02,10002.07,Test 35,"TP: 0.00, SL: 0.00"
2024-10-23,10002.97,Test 35,"TP: 0.00, SL: 0.00"
2024-10-31,9992.95,Test 35,"TP: 0.00, SL: 0.00"
2024-09-27,10016.27,Test 35,"TP: 0.00, SL: 0.00"
2024-10-01,10002.07,Test 35,"TP: 0.00, SL: 0.00"
2024-10-03,9991.12,Test 35,"TP: 0.00, SL: 0.00"
2024-10-07,9985.20,Test 35,"TP: 0.00, SL: 0.00"
2024-10-11,10010.15,Test 35,"TP: 0.00, SL: 0.00"
2024-10-22,10007.44,Test 35,"TP: 0.00, SL: 0.00"
2024-10-25,10007.29,Test 35,"TP: 0.00, SL: 0.00"
2024-09-23,10004.47,Test 35,"TP: 0.00, SL: 0.00"
2024-09-24,10002.76,Test 35,"TP: 0.00, SL: 0.00"
2024-10-15,10005.32,Test 35,"TP: 0.00, SL: 0.00"
2024-10-21,10009.72,Test 35,"TP: 0.00, SL: 0.00"
2024-10-28,10006.72,Test 35,"TP: 0.00, SL: 0.00"
2024-09-25,10004.53,Test 35,"TP: 0.00, SL: 0.00"
2024-09-26,10009.18,Test 35,"TP: 0.00, SL: 0.00"
2024-10-14,10010.15,Test 35,"TP: 0.00, SL: 0.00"
2024-11-06,9996.89,Test 35,"TP: 0.00, SL: 0.00"
2024-10-17,10011.52,Test 35,"TP: 0.00, SL: 0.00"
2024-10-18,10016.14,Test 35,"TP: 0.00, SL: 0.00"
2024-10-29,10016.29,Test 35,"TP: 0.00, SL: 0.00"
2024-10-30,10010.92,Test 35,"TP: 0.00, SL: 0.00"
2024-11-07,9996.89,Test 35,"TP: 0.00, SL: 0.00"
2024-10-16,10013.41,Test 27,"TP: 0.00, SL: 0.00"
2024-10-17,10015.90,Test 27,"TP: 0.00, SL: 0.00"
2024-10-21,10014.49,Test 27,"TP: 0.00, SL: 0.00"
2024-10-01,9995.83,Test 27,"TP: 0.00, SL: 0.00"
2024-10-14,10013.41,Test 27,"TP: 0.00, SL: 0.00"
2024-10-22,10023.58,Test 27,"TP: 0.00, SL: 0.00"
2024-11-04,9969.46,Test 27,"TP: 0.00, SL: 0.00"
2024-11-05,9969.46,Test 27,"TP: 0.00, SL: 0.00"
2024-09-30,10004.86,Test 27,"TP: 0.00, SL: 0.00"
2024-10-15,10013.41,Test 27,"TP: 0.00, SL: 0.00"
2024-10-07,9994.46,Test 27,"TP: 0.00, SL: 0.00"
2024-10-29,9992.65,Test 27,"TP: 0.00, SL: 0.00"
2024-09-20,10000.00,Test 27,"TP: 0.00, SL: 0.00"
2024-09-23,10003.03,Test 27,"TP: 0.00, SL: 0.00"
2024-10-24,10003.66,Test 27,"TP: 0.00, SL: 0.00"
2024-10-31,9979.27,Test 27,"TP: 0.00, SL: 0.00"
2024-09-24,10007.77,Test 27,"TP: 0.00, SL: 0.00"
2024-10-09,9998.87,Test 27,"TP: 0.00, SL: 0.00"
2024-11-08,10014.47,Test 27,"TP: 0.00, SL: 0.00"
2024-10-25,10003.66,Test 27,"TP: 0.00, SL: 0.00"
2024-11-06,9987.43,Test 27,"TP: 0.00, SL: 0.00"
2024-10-23,10006.09,Test 27,"TP: 0.00, SL: 0.00"
2024-10-30,9997.24,Test 27,"TP: 0.00, SL: 0.00"
2024-10-03,9989.54,Test 27,"TP: 0.00, SL: 0.00"
2024-10-11,10002.25,Test 27,"TP: 0.00, SL: 0.00"
2024-10-08,9998.87,Test 27,"TP: 0.00, SL: 0.00"
2024-10-18,10015.90,Test 27,"TP: 0.00, SL: 0.00"
2024-10-28,10001.71,Test 27,"TP: 0.00, SL: 0.00"
2024-11-01,9979.27,Test 27,"TP: 0.00, SL: 0.00"
2024-09-26,9996.70,Test 27,"TP: 0.00, SL: 0.00"
2024-09-27,9996.70,Test 27,"TP: 0.00, SL: 0.00"
2024-10-04,9995.11,Test 27,"TP: 0.00, SL: 0.00"
2024-10-10,9998.66,Test 27,"TP: 0.00, SL: 0.00"
2024-11-07,10005.49,Test 27,"TP: 0.00, SL: 0.00"
2024-09-25,10007.05,Test 27,"TP: 0.00, SL: 0.00"
2024-10-02,9988.49,Test 27,"TP: 0.00, SL: 0.00"
2024-09-25,10004.53,Test 32,"TP: 0.00, SL: 0.00"
2024-10-08,9997.32,Test 32,"TP: 0.00, SL: 0.00"
2024-10-14,10013.07,Test 32,"TP: 0.00, SL: 0.00"
2024-10-23,10011.06,Test 32,"TP: 0.00, SL: 0.00"
2024-10-30,10002.40,Test 32,"TP: 0.00, SL: 0.00"
2024-09-23,10004.47,Test 32,"TP: 0.00, SL: 0.00"
2024-10-17,10021.20,Test 32,"TP: 0.00, SL: 0.00"
2024-11-04,9998.02,Test 32,"TP: 0.00, SL: 0.00"
2024-09-26,10009.18,Test 32,"TP: 0.00, SL: 0.00"
2024-10-09,10001.88,Test 32,"TP: 0.00, SL: 0.00"
2024-10-11,10013.07,Test 32,"TP: 0.00, SL: 0.00"
2024-10-16,10013.07,Test 32,"TP: 0.00, SL: 0.00"
2024-10-04,9993.55,Test 32,"TP: 0.00, SL: 0.00"
2024-10-02,9997.78,Test 32,"TP: 0.00, SL: 0.00"
2024-10-03,9998.83,Test 32,"TP: 0.00, SL: 0.00"
2024-10-21,10025.82,Test 32,"TP: 0.00, SL: 0.00"
2024-10-22,10016.67,Test 32,"TP: 0.00, SL: 0.00"
2024-10-29,10011.60,Test 32,"TP: 0.00, SL: 0.00"
2024-11-07,10044.49,Test 32,"TP: 0.00, SL: 0.00"
2024-11-08,10049.02,Test 32,"TP: 0.00, SL: 0.00"
2024-10-01,9997.78,Test 32,"TP: 0.00, SL: 0.00"
2024-11-01,9998.02,Test 32,"TP: 0.00, SL: 0.00"
2024-09-30,10007.66,Test 32,"TP: 0.00, SL: 0.00"
2024-10-07,9992.91,Test 32,"TP: 0.00, SL: 0.00"
2024-10-10,10006.36,Test 32,"TP: 0.00, SL: 0.00"
2024-10-28,10019.10,Test 32,"TP: 0.00, SL: 0.00"
2024-10-31,10002.40,Test 32,"TP: 0.00, SL: 0.00"
2024-09-27,10016.27,Test 32,"TP: 0.00, SL: 0.00"
2024-10-15,10013.07,Test 32,"TP: 0.00, SL: 0.00"
2024-10-18,10025.82,Test 32,"TP: 0.00, SL: 0.00"
2024-10-24,10009.02,Test 32,"TP: 0.00, SL: 0.00"
2024-09-20,10000.00,Test 32,"TP: 0.00, SL: 0.00"
2024-10-25,10009.02,Test 32,"TP: 0.00, SL: 0.00"
2024-11-05,9998.02,Test 32,"TP: 0.00, SL: 0.00"
2024-11-06,10044.49,Test 32,"TP: 0.00, SL: 0.00"
2024-09-24,10002.76,Test 32,"TP: 0.00, SL: 0.00"
2024-09-20,10000.00,Test 8,"TP: 0.00, SL: 0.00"
2024-10-03,10001.47,Test 8,"TP: 0.00, SL: 0.00"
2024-10-29,10036.06,Test 8,"TP: 0.00, SL: 0.00"
2024-10-23,10041.91,Test 8,"TP: 0.00, SL: 0.00"
2024-10-31,10014.07,Test 8,"TP: 0.00, SL: 0.00"
2024-11-07,10069.69,Test 8,"TP: 0.00, SL: 0.00"
2024-11-08,10069.69,Test 8,"TP: 0.00, SL: 0.00"
2024-09-24,10007.77,Test 8,"TP: 0.00, SL: 0.00"
2024-10-02,10000.42,Test 8,"TP: 0.00, SL: 0.00"
2024-10-07,10014.34,Test 8,"TP: 0.00, SL: 0.00"
2024-10-24,10033.48,Test 8,"TP: 0.00, SL: 0.00"
2024-11-04,10006.81,Test 8,"TP: 0.00, SL: 0.00"
2024-09-26,10003.03,Test 8,"TP: 0.00, SL: 0.00"
2024-09-27,10003.03,Test 8,"TP: 0.00, SL: 0.00"
2024-10-09,10025.97,Test 8,"TP: 0.00, SL: 0.00"
2024-10-08,10013.50,Test 8,"TP: 0.00, SL: 0.00"
2024-10-10,10027.81,Test 8,"TP: 0.00, SL: 0.00"
2024-10-14,10038.28,Test 8,"TP: 0.00, SL: 0.00"
2024-11-06,10046.59,Test 8,"TP: 0.00, SL: 0.00"
2024-09-23,10003.03,Test 8,"TP: 0.00, SL: 0.00"
2024-09-25,10007.05,Test 8,"TP: 0.00, SL: 0.00"
2024-10-04,10001.47,Test 8,"TP: 0.00, SL: 0.00"
2024-10-18,10041.85,Test 8,"TP: 0.00, SL: 0.00"
2024-10-28,10043.56,Test 8,"TP: 0.00, SL: 0.00"
2024-10-25,10033.48,Test 8,"TP: 0.00, SL: 0.00"
2024-11-01,10014.07,Test 8,"TP: 0.00, SL: 0.00"
2024-10-16,10041.85,Test 8,"TP: 0.00, SL: 0.00"
2024-10-17,10041.85,Test 8,"TP: 0.00, SL: 0.00"
2024-10-22,10041.91,Test 8,"TP: 0.00, SL: 0.00"
2024-10-01,9997.36,Test 8,"TP: 0.00, SL: 0.00"
2024-10-11,10038.28,Test 8,"TP: 0.00, SL: 0.00"
2024-10-30,10040.65,Test 8,"TP: 0.00, SL: 0.00"
2024-11-05,10006.81,Test 8,"TP: 0.00, SL: 0.00"
2024-09-30,9994.42,Test 8,"TP: 0.00, SL: 0.00"
2024-10-15,10038.28,Test 8,"TP: 0.00, SL: 0.00"
2024-10-21,10045.24,Test 8,"TP: 0.00, SL: 0.00"
2024-09-24,10007.77,Test 6,"TP: 0.00, SL: 0.00"
2024-09-30,9994.42,Test 6,"TP: 0.00, SL: 0.00"
2024-10-03,10001.47,Test 6,"TP: 0.00, SL: 0.00"
2024-10-16,10041.85,Test 6,"TP: 0.00, SL: 0.00"
2024-11-01,10019.20,Test 6,"TP: 0.00, SL: 0.00"
2024-11-07,10095.07,Test 6,"TP: 0.00, SL: 0.00"
2024-09-26,10003.03,Test 6,"TP: 0.00, SL: 0.00"
2024-09-27,10003.03,Test 6,"TP: 0.00, SL: 0.00"
2024-10-10,10027.81,Test 6,"TP: 0.00, SL: 0.00"
2024-10-15,10038.28,Test 6,"TP: 0.00, SL: 0.00"
2024-10-22,10041.91,Test 6,"TP: 0.00, SL: 0.00"
2024-10-24,10033.48,Test 6,"TP: 0.00, SL: 0.00"
2024-11-06,10071.97,Test 6,"TP: 0.00, SL: 0.00"
2024-09-23,10003.03,Test 6,"TP: 0.00, SL: 0.00"
2024-11-04,10019.20,Test 6,"TP: 0.00, SL: 0.00"
2024-10-11,10038.28,Test 6,"TP: 0.00, SL: 0.00"
2024-10-25,10033.48,Test 6,"TP: 0.00, SL: 0.00"
2024-11-05,10019.20,Test 6,"TP: 0.00, SL: 0.00"
2024-10-18,10041.85,Test 6,"TP: 0.00, SL: 0.00"
2024-10-04,10001.47,Test 6,"TP: 0.00, SL: 0.00"
2024-10-08,10013.50,Test 6,"TP: 0.00, SL: 0.00"
2024-10-09,10025.97,Test 6,"TP: 0.00, SL: 0.00"
2024-10-14,10038.28,Test 6,"TP: 0.00, SL: 0.00"
2024-10-23,10041.91,Test 6,"TP: 0.00, SL: 0.00"
2024-10-28,10043.56,Test 6,"TP: 0.00, SL: 0.00"
2024-10-31,10040.65,Test 6,"TP: 0.00, SL: 0.00"
2024-09-25,10007.05,Test 6,"TP: 0.00, SL: 0.00"
2024-11-08,10095.07,Test 6,"TP: 0.00, SL: 0.00"
2024-10-01,9997.36,Test 6,"TP: 0.00, SL: 0.00"
2024-10-02,10000.42,Test 6,"TP: 0.00, SL: 0.00"
2024-10-17,10041.85,Test 6,"TP: 0.00, SL: 0.00"
2024-10-21,10045.24,Test 6,"TP: 0.00, SL: 0.00"
2024-10-29,10036.06,Test 6,"TP: 0.00, SL: 0.00"
2024-09-20,10000.00,Test 6,"TP: 0.00, SL: 0.00"
2024-10-30,10040.65,Test 6,"TP: 0.00, SL: 0.00"
2024-10-07,10014.34,Test 6,"TP: 0.00, SL: 0.00"
2024-09-30,10015.94,Test 23,"TP: 0.00, SL: 0.00"
2024-10-23,10039.12,Test 23,"TP: 0.00, SL: 0.00"
2024-10-09,10021.00,Test 23,"TP: 0.00, SL: 0.00"
2024-10-21,10046.92,Test 23,"TP: 0.00, SL: 0.00"
2024-10-22,10043.59,Test 23,"TP: 0.00, SL: 0.00"
2024-10-25,10032.19,Test 23,"TP: 0.00, SL: 0.00"
2024-11-04,10018.13,Test 23,"TP: 0.00, SL: 0.00"
2024-09-20,10000.00,Test 23,"TP: 0.00, SL: 0.00"
2024-09-23,10003.03,Test 23,"TP: 0.00, SL: 0.00"
2024-10-04,10018.52,Test 23,"TP: 0.00, SL: 0.00"
2024-10-24,10036.69,Test 23,"TP: 0.00, SL: 0.00"
2024-10-29,10031.62,Test 23,"TP: 0.00, SL: 0.00"
2024-11-05,10023.65,Test 23,"TP: 0.00, SL: 0.00"
2024-11-07,10067.99,Test 23,"TP: 0.00, SL: 0.00"
2024-09-26,10011.74,Test 23,"TP: 0.00, SL: 0.00"
2024-10-10,10020.79,Test 23,"TP: 0.00, SL: 0.00"
2024-10-28,10031.62,Test 23,"TP: 0.00, SL: 0.00"
2024-10-01,10018.88,Test 23,"TP: 0.00, SL: 0.00"
2024-10-11,10024.37,Test 23,"TP: 0.00, SL: 0.00"
2024-10-30,10042.36,Test 23,"TP: 0.00, SL: 0.00"
2024-10-18,10043.53,Test 23,"TP: 0.00, SL: 0.00"
2024-09-27,10016.21,Test 23,"TP: 0.00, SL: 0.00"
2024-10-15,10037.33,Test 23,"TP: 0.00, SL: 0.00"
2024-10-17,10043.53,Test 23,"TP: 0.00, SL: 0.00"
2024-11-06,10067.99,Test 23,"TP: 0.00, SL: 0.00"
2024-09-24,10008.22,Test 23,"TP: 0.00, SL: 0.00"
2024-10-31,10018.39,Test 23,"TP: 0.00, SL: 0.00"
2024-11-01,10018.13,Test 23,"TP: 0.00, SL: 0.00"
2024-10-07,10011.79,Test 23,"TP: 0.00, SL: 0.00"
2024-10-08,10016.29,Test 23,"TP: 0.00, SL: 0.00"
2024-10-14,10042.16,Test 23,"TP: 0.00, SL: 0.00"
2024-10-16,10043.53,Test 23,"TP: 0.00, SL: 0.00"
2024-11-08,10067.99,Test 23,"TP: 0.00, SL: 0.00"
2024-09-25,10009.99,Test 23,"TP: 0.00, SL: 0.00"
2024-10-02,10021.94,Test 23,"TP: 0.00, SL: 0.00"
2024-10-03,10018.52,Test 23,"TP: 0.00, SL: 0.00"
2024-10-03,10001.47,Test 1,"TP: 0.00, SL: 0.00"
2024-10-07,10014.34,Test 1,"TP: 0.00, SL: 0.00"
2024-10-09,10025.97,Test 1,"TP: 0.00, SL: 0.00"
2024-09-26,10003.03,Test 1,"TP: 0.00, SL: 0.00"
2024-10-02,10000.42,Test 1,"TP: 0.00, SL: 0.00"
2024-10-04,10001.47,Test 1,"TP: 0.00, SL: 0.00"
2024-10-25,10033.48,Test 1,"TP: 0.00, SL: 0.00"
2024-09-20,10000.00,Test 1,"TP: 0.00, SL: 0.00"
2024-09-25,10007.05,Test 1,"TP: 0.00, SL: 0.00"
2024-10-18,10041.85,Test 1,"TP: 0.00, SL: 0.00"
2024-10-22,10041.91,Test 1,"TP: 0.00, SL: 0.00"
2024-11-06,10040.14,Test 1,"TP: 0.00, SL: 0.00"
2024-09-23,10003.03,Test 1,"TP: 0.00, SL: 0.00"
2024-09-24,10007.77,Test 1,"TP: 0.00, SL: 0.00"
2024-11-08,10040.14,Test 1,"TP: 0.00, SL: 0.00"
2024-09-27,10003.03,Test 1,"TP: 0.00, SL: 0.00"
2024-11-04,9996.55,Test 1,"TP: 0.00, SL: 0.00"
2024-10-16,10041.85,Test 1,"TP: 0.00, SL: 0.00"
2024-10-31,10040.65,Test 1,"TP: 0.00, SL: 0.00"
2024-11-01,10003.81,Test 1,"TP: 0.00, SL: 0.00"
2024-10-10,10027.81,Test 1,"TP: 0.00, SL: 0.00"
2024-10-14,10038.28,Test 1,"TP: 0.00, SL: 0.00"
2024-11-05,9996.55,Test 1,"TP: 0.00, SL: 0.00"
2024-10-01,9997.36,Test 1,"TP: 0.00, SL: 0.00"
2024-10-29,10036.06,Test 1,"TP: 0.00, SL: 0.00"
2024-10-15,10038.28,Test 1,"TP: 0.00, SL: 0.00"
2024-10-17,10041.85,Test 1,"TP: 0.00, SL: 0.00"
2024-10-21,10045.24,Test 1,"TP: 0.00, SL: 0.00"
2024-10-23,10041.91,Test 1,"TP: 0.00, SL: 0.00"
2024-10-30,10040.65,Test 1,"TP: 0.00, SL: 0.00"
2024-11-07,10040.14,Test 1,"TP: 0.00, SL: 0.00"
2024-10-08,10013.50,Test 1,"TP: 0.00, SL: 0.00"
2024-10-11,10038.28,Test 1,"TP: 0.00, SL: 0.00"
2024-10-28,10043.56,Test 1,"TP: 0.00, SL: 0.00"
2024-09-30,9994.42,Test 1,"TP: 0.00, SL: 0.00"
2024-10-24,10033.48,Test 1,"TP: 0.00, SL: 0.00"
2024-09-24,10007.77,Test 24,"TP: 0.00, SL: 0.00"
2024-09-27,9996.70,Test 24,"TP: 0.00, SL: 0.00"
2024-10-15,10013.41,Test 24,"TP: 0.00, SL: 0.00"
2024-10-31,10022.32,Test 24,"TP: 0.00, SL: 0.00"
2024-10-08,9998.87,Test 24,"TP: 0.00, SL: 0.00"
2024-10-24,10015.15,Test 24,"TP: 0.00, SL: 0.00"
2024-10-10,9998.66,Test 24,"TP: 0.00, SL: 0.00"
2024-10-25,10015.15,Test 24,"TP: 0.00, SL: 0.00"
2024-09-20,10000.00,Test 24,"TP: 0.00, SL: 0.00"
2024-10-21,10014.49,Test 24,"TP: 0.00, SL: 0.00"
2024-11-01,10000.87,Test 24,"TP: 0.00, SL: 0.00"
2024-09-23,10003.03,Test 24,"TP: 0.00, SL: 0.00"
2024-10-07,9994.46,Test 24,"TP: 0.00, SL: 0.00"
2024-10-09,9998.87,Test 24,"TP: 0.00, SL: 0.00"
2024-10-11,10002.25,Test 24,"TP: 0.00, SL: 0.00"
2024-10-14,10013.41,Test 24,"TP: 0.00, SL: 0.00"
2024-10-28,10025.23,Test 24,"TP: 0.00, SL: 0.00"
2024-10-29,10017.73,Test 24,"TP: 0.00, SL: 0.00"
2024-11-04,10000.87,Test 24,"TP: 0.00, SL: 0.00"
2024-11-06,10053.64,Test 24,"TP: 0.00, SL: 0.00"
2024-11-07,10076.74,Test 24,"TP: 0.00, SL: 0.00"
2024-09-26,9996.70,Test 24,"TP: 0.00, SL: 0.00"
2024-10-02,9988.49,Test 24,"TP: 0.00, SL: 0.00"
2024-10-17,10015.90,Test 24,"TP: 0.00, SL: 0.00"
2024-10-23,10023.58,Test 24,"TP: 0.00, SL: 0.00"
2024-10-30,10022.32,Test 24,"TP: 0.00, SL: 0.00"
2024-11-05,10000.87,Test 24,"TP: 0.00, SL: 0.00"
2024-09-25,10007.05,Test 24,"TP: 0.00, SL: 0.00"
2024-10-01,9995.83,Test 24,"TP: 0.00, SL: 0.00"
2024-10-03,9989.54,Test 24,"TP: 0.00, SL: 0.00"
2024-10-04,9995.11,Test 24,"TP: 0.00, SL: 0.00"
2024-10-16,10013.41,Test 24,"TP: 0.00, SL: 0.00"
2024-11-08,10076.74,Test 24,"TP: 0.00, SL: 0.00"
2024-09-30,10004.86,Test 24,"TP: 0.00, SL: 0.00"
2024-10-18,10015.90,Test 24,"TP: 0.00, SL: 0.00"
2024-10-22,10023.58,Test 24,"TP: 0.00, SL: 0.00"
2024-09-26,10003.03,Test 12,"TP: 0.00, SL: 0.00"
2024-11-06,10071.97,Test 12,"TP: 0.00, SL: 0.00"
2024-09-25,10007.05,Test 12,"TP: 0.00, SL: 0.00"
2024-10-02,10000.42,Test 12,"TP: 0.00, SL: 0.00"
2024-10-16,10041.85,Test 12,"TP: 0.00, SL: 0.00"
2024-10-28,10043.56,Test 12,"TP: 0.00, SL: 0.00"
2024-10-03,10001.47,Test 12,"TP: 0.00, SL: 0.00"
2024-10-07,10014.34,Test 12,"TP: 0.00, SL: 0.00"
2024-10-17,10041.85,Test 12,"TP: 0.00, SL: 0.00"
2024-10-24,10033.48,Test 12,"TP: 0.00, SL: 0.00"
2024-10-25,10033.48,Test 12,"TP: 0.00, SL: 0.00"
2024-10-29,10036.06,Test 12,"TP: 0.00, SL: 0.00"
2024-09-23,10003.03,Test 12,"TP: 0.00, SL: 0.00"
2024-10-09,10025.97,Test 12,"TP: 0.00, SL: 0.00"
2024-10-21,10045.24,Test 12,"TP: 0.00, SL: 0.00"
2024-11-07,10095.07,Test 12,"TP: 0.00, SL: 0.00"
2024-11-08,10095.07,Test 12,"TP: 0.00, SL: 0.00"
2024-09-30,9994.42,Test 12,"TP: 0.00, SL: 0.00"
2024-10-11,10038.28,Test 12,"TP: 0.00, SL: 0.00"
2024-10-18,10041.85,Test 12,"TP: 0.00, SL: 0.00"
2024-11-01,10019.20,Test 12,"TP: 0.00, SL: 0.00"
2024-09-20,10000.00,Test 12,"TP: 0.00, SL: 0.00"
2024-09-27,10003.03,Test 12,"TP: 0.00, SL: 0.00"
2024-10-04,10001.47,Test 12,"TP: 0.00, SL: 0.00"
2024-10-15,10038.28,Test 12,"TP: 0.00, SL: 0.00"
2024-10-01,9997.36,Test 12,"TP: 0.00, SL: 0.00"
2024-10-08,10013.50,Test 12,"TP: 0.00, SL: 0.00"
2024-10-14,10038.28,Test 12,"TP: 0.00, SL: 0.00"
2024-10-30,10040.65,Test 12,"TP: 0.00, SL: 0.00"
2024-11-05,10019.20,Test 12,"TP: 0.00, SL: 0.00"
2024-09-24,10007.77,Test 12,"TP: 0.00, SL: 0.00"
2024-10-10,10027.81,Test 12,"TP: 0.00, SL: 0.00"
2024-10-22,10041.91,Test 12,"TP: 0.00, SL: 0.00"
2024-10-23,10041.91,Test 12,"TP: 0.00, SL: 0.00"
2024-10-31,10040.65,Test 12,"TP: 0.00, SL: 0.00"
2024-11-04,10019.20,Test 12,"TP: 0.00, SL: 0.00"
2024-11-04,9996.55,Test 13,"TP: 0.00, SL: 0.00"
2024-09-23,10003.03,Test 13,"TP: 0.00, SL: 0.00"
2024-09-30,9994.42,Test 13,"TP: 0.00, SL: 0.00"
2024-10-14,10038.28,Test 13,"TP: 0.00, SL: 0.00"
2024-10-29,10036.06,Test 13,"TP: 0.00, SL: 0.00"
2024-10-31,10040.65,Test 13,"TP: 0.00, SL: 0.00"
2024-09-24,10007.77,Test 13,"TP: 0.00, SL: 0.00"
2024-10-07,10014.34,Test 13,"TP: 0.00, SL: 0.00"
2024-10-10,10027.81,Test 13,"TP: 0.00, SL: 0.00"
2024-09-27,10003.03,Test 13,"TP: 0.00, SL: 0.00"
2024-10-08,10013.50,Test 13,"TP: 0.00, SL: 0.00"
2024-10-22,10041.91,Test 13,"TP: 0.00, SL: 0.00"
2024-10-23,10041.91,Test 13,"TP: 0.00, SL: 0.00"
2024-11-07,10059.43,Test 13,"TP: 0.00, SL: 0.00"
2024-09-20,10000.00,Test 13,"TP: 0.00, SL: 0.00"
2024-10-01,9997.36,Test 13,"TP: 0.00, SL: 0.00"
2024-10-02,10000.42,Test 13,"TP: 0.00, SL: 0.00"
2024-10-30,10040.65,Test 13,"TP: 0.00, SL: 0.00"
2024-10-04,10001.47,Test 13,"TP: 0.00, SL: 0.00"
2024-10-15,10038.28,Test 13,"TP: 0.00, SL: 0.00"
2024-10-25,10033.48,Test 13,"TP: 0.00, SL: 0.00"
2024-11-01,10003.81,Test 13,"TP: 0.00, SL: 0.00"
2024-11-06,10036.33,Test 13,"TP: 0.00, SL: 0.00"
2024-10-28,10043.56,Test 13,"TP: 0.00, SL: 0.00"
2024-11-08,10059.43,Test 13,"TP: 0.00, SL: 0.00"
2024-09-25,10007.05,Test 13,"TP: 0.00, SL: 0.00"
2024-09-26,10003.03,Test 13,"TP: 0.00, SL: 0.00"
2024-10-09,10025.97,Test 13,"TP: 0.00, SL: 0.00"
2024-10-17,10041.85,Test 13,"TP: 0.00, SL: 0.00"
2024-10-18,10041.85,Test 13,"TP: 0.00, SL: 0.00"
2024-10-16,10041.85,Test 13,"TP: 0.00, SL: 0.00"
2024-10-24,10033.48,Test 13,"TP: 0.00, SL: 0.00"
2024-11-05,9996.55,Test 13,"TP: 0.00, SL: 0.00"
2024-10-03,10001.47,Test 13,"TP: 0.00, SL: 0.00"
2024-10-11,10038.28,Test 13,"TP: 0.00, SL: 0.00"
2024-10-21,10045.24,Test 13,"TP: 0.00, SL: 0.00"
2024-10-21,10042.45,Test 11,"TP: 0.00, SL: 0.00"
2024-10-22,10039.12,Test 11,"TP: 0.00, SL: 0.00"
2024-10-25,10027.72,Test 11,"TP: 0.00, SL: 0.00"
2024-10-28,10027.15,Test 11,"TP: 0.00, SL: 0.00"
2024-11-05,10008.11,Test 11,"TP: 0.00, SL: 0.00"
2024-09-20,10000.00,Test 11,"TP: 0.00, SL: 0.00"
2024-09-24,10008.22,Test 11,"TP: 0.00, SL: 0.00"
2024-10-03,10018.52,Test 11,"TP: 0.00, SL: 0.00"
2024-10-17,10039.06,Test 11,"TP: 0.00, SL: 0.00"
2024-10-30,10037.89,Test 11,"TP: 0.00, SL: 0.00"
2024-10-31,10002.85,Test 11,"TP: 0.00, SL: 0.00"
2024-11-04,10002.59,Test 11,"TP: 0.00, SL: 0.00"
2024-09-30,10015.94,Test 11,"TP: 0.00, SL: 0.00"
2024-10-09,10021.00,Test 11,"TP: 0.00, SL: 0.00"
2024-10-11,10024.37,Test 11,"TP: 0.00, SL: 0.00"
2024-10-23,10034.65,Test 11,"TP: 0.00, SL: 0.00"
2024-11-06,10052.45,Test 11,"TP: 0.00, SL: 0.00"
2024-09-25,10009.99,Test 11,"TP: 0.00, SL: 0.00"
2024-09-27,10016.21,Test 11,"TP: 0.00, SL: 0.00"
2024-10-07,10011.79,Test 11,"TP: 0.00, SL: 0.00"
2024-10-01,10018.88,Test 11,"TP: 0.00, SL: 0.00"
2024-09-26,10011.74,Test 11,"TP: 0.00, SL: 0.00"
2024-10-08,10016.29,Test 11,"TP: 0.00, SL: 0.00"
2024-10-18,10039.06,Test 11,"TP: 0.00, SL: 0.00"
2024-10-02,10021.94,Test 11,"TP: 0.00, SL: 0.00"
2024-10-04,10018.52,Test 11,"TP: 0.00, SL: 0.00"
2024-10-16,10039.06,Test 11,"TP: 0.00, SL: 0.00"
2024-11-08,10052.45,Test 11,"TP: 0.00, SL: 0.00"
2024-09-23,10003.03,Test 11,"TP: 0.00, SL: 0.00"
2024-10-15,10032.86,Test 11,"TP: 0.00, SL: 0.00"
2024-10-24,10032.22,Test 11,"TP: 0.00, SL: 0.00"
2024-11-01,10002.59,Test 11,"TP: 0.00, SL: 0.00"
2024-11-07,10052.45,Test 11,"TP: 0.00, SL: 0.00"
2024-10-10,10020.79,Test 11,"TP: 0.00, SL: 0.00"
2024-10-14,10024.37,Test 11,"TP: 0.00, SL: 0.00"
2024-10-29,10027.15,Test 11,"TP: 0.00, SL: 0.00"
2024-10-01,9997.36,Test 9,"TP: 0.00, SL: 0.00"
2024-10-03,10001.47,Test 9,"TP: 0.00, SL: 0.00"
2024-10-07,10014.34,Test 9,"TP: 0.00, SL: 0.00"
2024-09-23,10003.03,Test 9,"TP: 0.00, SL: 0.00"
2024-09-25,10007.05,Test 9,"TP: 0.00, SL: 0.00"
2024-10-17,10041.85,Test 9,"TP: 0.00, SL: 0.00"
2024-10-23,10024.42,Test 9,"TP: 0.00, SL: 0.00"
2024-10-14,10038.28,Test 9,"TP: 0.00, SL: 0.00"
2024-10-22,10041.91,Test 9,"TP: 0.00, SL: 0.00"
2024-10-28,10020.04,Test 9,"TP: 0.00, SL: 0.00"
2024-11-01,10014.43,Test 9,"TP: 0.00, SL: 0.00"
2024-10-18,10041.85,Test 9,"TP: 0.00, SL: 0.00"
2024-10-21,10045.24,Test 9,"TP: 0.00, SL: 0.00"
2024-11-06,10046.95,Test 9,"TP: 0.00, SL: 0.00"
2024-11-07,10065.01,Test 9,"TP: 0.00, SL: 0.00"
2024-09-24,10007.77,Test 9,"TP: 0.00, SL: 0.00"
2024-10-08,10013.50,Test 9,"TP: 0.00, SL: 0.00"
2024-10-11,10038.28,Test 9,"TP: 0.00, SL: 0.00"
2024-10-15,10038.28,Test 9,"TP: 0.00, SL: 0.00"
2024-10-30,10014.43,Test 9,"TP: 0.00, SL: 0.00"
2024-11-04,10007.17,Test 9,"TP: 0.00, SL: 0.00"
2024-11-08,10065.01,Test 9,"TP: 0.00, SL: 0.00"
2024-09-27,10003.03,Test 9,"TP: 0.00, SL: 0.00"
2024-10-04,10001.47,Test 9,"TP: 0.00, SL: 0.00"
2024-10-16,10041.85,Test 9,"TP: 0.00, SL: 0.00"
2024-10-29,10019.02,Test 9,"TP: 0.00, SL: 0.00"
2024-09-30,9994.42,Test 9,"TP: 0.00, SL: 0.00"
2024-11-05,10007.17,Test 9,"TP: 0.00, SL: 0.00"
2024-09-26,10003.03,Test 9,"TP: 0.00, SL: 0.00"
2024-10-09,10025.97,Test 9,"TP: 0.00, SL: 0.00"
2024-10-24,10021.99,Test 9,"TP: 0.00, SL: 0.00"
2024-10-31,10014.43,Test 9,"TP: 0.00, SL: 0.00"
2024-09-20,10000.00,Test 9,"TP: 0.00, SL: 0.00"
2024-10-02,10000.42,Test 9,"TP: 0.00, SL: 0.00"
2024-10-10,10027.81,Test 9,"TP: 0.00, SL: 0.00"
2024-10-25,10021.99,Test 9,"TP: 0.00, SL: 0.00"
2024-10-21,10044.55,Test 18,"TP: 0.00, SL: 0.00"
2024-10-24,10041.73,Test 18,"TP: 0.00, SL: 0.00"
2024-10-31,10034.17,Test 18,"TP: 0.00, SL: 0.00"
2024-09-24,10007.77,Test 18,"TP: 0.00, SL: 0.00"
2024-09-27,10003.03,Test 18,"TP: 0.00, SL: 0.00"
2024-11-06,10066.69,Test 18,"TP: 0.00, SL: 0.00"
2024-10-11,10025.68,Test 18,"TP: 0.00, SL: 0.00"
2024-10-15,10043.47,Test 18,"TP: 0.00, SL: 0.00"
2024-10-29,10038.76,Test 18,"TP: 0.00, SL: 0.00"
2024-11-01,10034.17,Test 18,"TP: 0.00, SL: 0.00"
2024-11-04,10026.91,Test 18,"TP: 0.00, SL: 0.00"
2024-10-03,10001.47,Test 18,"TP: 0.00, SL: 0.00"
2024-10-22,10044.55,Test 18,"TP: 0.00, SL: 0.00"
2024-09-20,10000.00,Test 18,"TP: 0.00, SL: 0.00"
2024-09-23,10003.03,Test 18,"TP: 0.00, SL: 0.00"
2024-10-01,9997.36,Test 18,"TP: 0.00, SL: 0.00"
2024-10-02,10000.42,Test 18,"TP: 0.00, SL: 0.00"
2024-10-04,10001.47,Test 18,"TP: 0.00, SL: 0.00"
2024-10-09,10022.30,Test 18,"TP: 0.00, SL: 0.00"
2024-10-10,10022.09,Test 18,"TP: 0.00, SL: 0.00"
2024-10-18,10045.96,Test 18,"TP: 0.00, SL: 0.00"
2024-09-25,10007.05,Test 18,"TP: 0.00, SL: 0.00"
2024-09-30,9994.42,Test 18,"TP: 0.00, SL: 0.00"
2024-10-23,10044.16,Test 18,"TP: 0.00, SL: 0.00"
2024-10-28,10039.78,Test 18,"TP: 0.00, SL: 0.00"
2024-10-16,10043.47,Test 18,"TP: 0.00, SL: 0.00"
2024-10-25,10041.73,Test 18,"TP: 0.00, SL: 0.00"
2024-10-14,10043.47,Test 18,"TP: 0.00, SL: 0.00"
2024-10-30,10034.17,Test 18,"TP: 0.00, SL: 0.00"
2024-11-05,10026.91,Test 18,"TP: 0.00, SL: 0.00"
2024-11-07,10089.79,Test 18,"TP: 0.00, SL: 0.00"
2024-09-26,10003.03,Test 18,"TP: 0.00, SL: 0.00"
2024-10-07,10017.89,Test 18,"TP: 0.00, SL: 0.00"
2024-11-08,10089.79,Test 18,"TP: 0.00, SL: 0.00"
2024-10-08,10022.30,Test 18,"TP: 0.00, SL: 0.00"
2024-10-17,10045.96,Test 18,"TP: 0.00, SL: 0.00"
2024-11-01,10034.17,Test 20,"TP: 0.00, SL: 0.00"
2024-10-02,10000.42,Test 20,"TP: 0.00, SL: 0.00"
2024-10-04,10001.47,Test 20,"TP: 0.00, SL: 0.00"
2024-10-09,10022.30,Test 20,"TP: 0.00, SL: 0.00"
2024-10-17,10045.96,Test 20,"TP: 0.00, SL: 0.00"
2024-11-05,10026.91,Test 20,"TP: 0.00, SL: 0.00"
2024-11-06,10066.69,Test 20,"TP: 0.00, SL: 0.00"
2024-11-08,10089.79,Test 20,"TP: 0.00, SL: 0.00"
2024-09-30,9994.42,Test 20,"TP: 0.00, SL: 0.00"
2024-09-26,10003.03,Test 20,"TP: 0.00, SL: 0.00"
2024-10-07,10017.89,Test 20,"TP: 0.00, SL: 0.00"
2024-10-10,10022.09,Test 20,"TP: 0.00, SL: 0.00"
2024-10-11,10025.68,Test 20,"TP: 0.00, SL: 0.00"
2024-10-21,10044.55,Test 20,"TP: 0.00, SL: 0.00"
2024-10-28,10039.78,Test 20,"TP: 0.00, SL: 0.00"
2024-09-20,10000.00,Test 20,"TP: 0.00, SL: 0.00"
2024-10-30,10034.17,Test 20,"TP: 0.00, SL: 0.00"
2024-10-22,10044.55,Test 20,"TP: 0.00, SL: 0.00"
2024-09-24,10007.77,Test 20,"TP: 0.00, SL: 0.00"
2024-09-27,10003.03,Test 20,"TP: 0.00, SL: 0.00"
2024-10-15,10043.47,Test 20,"TP: 0.00, SL: 0.00"
2024-10-18,10045.96,Test 20,"TP: 0.00, SL: 0.00"
2024-11-07,10089.79,Test 20,"TP: 0.00, SL: 0.00"
2024-09-23,10003.03,Test 20,"TP: 0.00, SL: 0.00"
2024-10-24,10041.73,Test 20,"TP: 0.00, SL: 0.00"
2024-10-25,10041.73,Test 20,"TP: 0.00, SL: 0.00"
2024-10-31,10034.17,Test 20,"TP: 0.00, SL: 0.00"
2024-11-04,10026.91,Test 20,"TP: 0.00, SL: 0.00"
2024-10-01,9997.36,Test 20,"TP: 0.00, SL: 0.00"
2024-10-08,10022.30,Test 20,"TP: 0.00, SL: 0.00"
2024-10-16,10043.47,Test 20,"TP: 0.00, SL: 0.00"
2024-10-29,10038.76,Test 20,"TP: 0.00, SL: 0.00"
2024-10-03,10001.47,Test 20,"TP: 0.00, SL: 0.00"
2024-10-14,10043.47,Test 20,"TP: 0.00, SL: 0.00"
2024-10-23,10044.16,Test 20,"TP: 0.00, SL: 0.00"
2024-09-25,10007.05,Test 20,"TP: 0.00, SL: 0.00"
2024-10-23,10042.69,Test 16,"TP: 0.00, SL: 0.00"
2024-10-24,10040.26,Test 16,"TP: 0.00, SL: 0.00"
2024-10-29,10029.61,Test 16,"TP: 0.00, SL: 0.00"
2024-10-31,10011.88,Test 16,"TP: 0.00, SL: 0.00"
2024-09-26,10003.03,Test 16,"TP: 0.00, SL: 0.00"
2024-10-02,10000.42,Test 16,"TP: 0.00, SL: 0.00"
2024-10-16,10040.02,Test 16,"TP: 0.00, SL: 0.00"
2024-10-21,10055.86,Test 16,"TP: 0.00, SL: 0.00"
2024-10-30,10040.35,Test 16,"TP: 0.00, SL: 0.00"
2024-10-01,9997.36,Test 16,"TP: 0.00, SL: 0.00"
2024-10-10,10027.81,Test 16,"TP: 0.00, SL: 0.00"
2024-11-08,10054.15,Test 16,"TP: 0.00, SL: 0.00"
2024-09-27,10003.03,Test 16,"TP: 0.00, SL: 0.00"
2024-10-25,10030.18,Test 16,"TP: 0.00, SL: 0.00"
2024-09-23,10003.03,Test 16,"TP: 0.00, SL: 0.00"
2024-10-03,10001.47,Test 16,"TP: 0.00, SL: 0.00"
2024-09-30,9994.42,Test 16,"TP: 0.00, SL: 0.00"
2024-10-15,10040.02,Test 16,"TP: 0.00, SL: 0.00"
2024-11-01,10011.88,Test 16,"TP: 0.00, SL: 0.00"
2024-11-04,10004.62,Test 16,"TP: 0.00, SL: 0.00"
2024-11-07,10054.15,Test 16,"TP: 0.00, SL: 0.00"
2024-09-24,10007.77,Test 16,"TP: 0.00, SL: 0.00"
2024-09-25,10007.05,Test 16,"TP: 0.00, SL: 0.00"
2024-10-22,10052.53,Test 16,"TP: 0.00, SL: 0.00"
2024-10-28,10029.61,Test 16,"TP: 0.00, SL: 0.00"
2024-11-05,10004.62,Test 16,"TP: 0.00, SL: 0.00"
2024-11-06,10054.15,Test 16,"TP: 0.00, SL: 0.00"
2024-10-07,10014.34,Test 16,"TP: 0.00, SL: 0.00"
2024-10-08,10013.50,Test 16,"TP: 0.00, SL: 0.00"
2024-10-11,10038.28,Test 16,"TP: 0.00, SL: 0.00"
2024-10-09,10025.97,Test 16,"TP: 0.00, SL: 0.00"
2024-10-14,10048.84,Test 16,"TP: 0.00, SL: 0.00"
2024-10-17,10052.47,Test 16,"TP: 0.00, SL: 0.00"
2024-10-18,10052.47,Test 16,"TP: 0.00, SL: 0.00"
2024-09-20,10000.00,Test 16,"TP: 0.00, SL: 0.00"
2024-10-04,10001.47,Test 16,"TP: 0.00, SL: 0.00"
2024-09-27,10016.21,Test 17,"TP: 0.00, SL: 0.00"
2024-10-02,10021.94,Test 17,"TP: 0.00, SL: 0.00"
2024-09-26,10011.74,Test 17,"TP: 0.00, SL: 0.00"
2024-10-04,10018.52,Test 17,"TP: 0.00, SL: 0.00"
2024-10-16,10039.06,Test 17,"TP: 0.00, SL: 0.00"
2024-10-22,10039.12,Test 17,"TP: 0.00, SL: 0.00"
2024-10-23,10034.65,Test 17,"TP: 0.00, SL: 0.00"
2024-10-25,10027.72,Test 17,"TP: 0.00, SL: 0.00"
2024-10-03,10018.52,Test 17,"TP: 0.00, SL: 0.00"
2024-10-09,10021.00,Test 17,"TP: 0.00, SL: 0.00"
2024-10-15,10032.86,Test 17,"TP: 0.00, SL: 0.00"
2024-10-24,10032.22,Test 17,"TP: 0.00, SL: 0.00"
2024-10-28,10027.15,Test 17,"TP: 0.00, SL: 0.00"
2024-11-04,10009.16,Test 17,"TP: 0.00, SL: 0.00"
2024-11-06,10059.02,Test 17,"TP: 0.00, SL: 0.00"
2024-10-07,10011.79,Test 17,"TP: 0.00, SL: 0.00"
2024-11-07,10059.02,Test 17,"TP: 0.00, SL: 0.00"
2024-09-23,10003.03,Test 17,"TP: 0.00, SL: 0.00"
2024-10-01,10018.88,Test 17,"TP: 0.00, SL: 0.00"
2024-10-08,10016.29,Test 17,"TP: 0.00, SL: 0.00"
2024-10-10,10020.79,Test 17,"TP: 0.00, SL: 0.00"
2024-10-30,10037.89,Test 17,"TP: 0.00, SL: 0.00"
2024-11-01,10009.16,Test 17,"TP: 0.00, SL: 0.00"
2024-09-24,10008.22,Test 17,"TP: 0.00, SL: 0.00"
2024-10-11,10024.37,Test 17,"TP: 0.00, SL: 0.00"
2024-09-20,10000.00,Test 17,"TP: 0.00, SL: 0.00"
2024-09-25,10009.99,Test 17,"TP: 0.00, SL: 0.00"
2024-09-30,10015.94,Test 17,"TP: 0.00, SL: 0.00"
2024-10-14,10024.37,Test 17,"TP: 0.00, SL: 0.00"
2024-10-17,10039.06,Test 17,"TP: 0.00, SL: 0.00"
2024-10-31,10009.42,Test 17,"TP: 0.00, SL: 0.00"
2024-11-05,10014.68,Test 17,"TP: 0.00, SL: 0.00"
2024-10-18,10039.06,Test 17,"TP: 0.00, SL: 0.00"
2024-10-21,10042.45,Test 17,"TP: 0.00, SL: 0.00"
2024-10-29,10027.15,Test 17,"TP: 0.00, SL: 0.00"
2024-11-08,10059.02,Test 17,"TP: 0.00, SL: 0.00"
2024-10-04,10001.47,Test 3,"TP: 0.00, SL: 0.00"
2024-10-08,10013.50,Test 3,"TP: 0.00, SL: 0.00"
2024-10-18,10041.85,Test 3,"TP: 0.00, SL: 0.00"
2024-10-22,10041.91,Test 3,"TP: 0.00, SL: 0.00"
2024-10-28,10020.04,Test 3,"TP: 0.00, SL: 0.00"
2024-10-30,10014.43,Test 3,"TP: 0.00, SL: 0.00"
2024-09-23,10003.03,Test 3,"TP: 0.00, SL: 0.00"
2024-09-25,10007.05,Test 3,"TP: 0.00, SL: 0.00"
2024-11-06,10050.76,Test 3,"TP: 0.00, SL: 0.00"
2024-10-09,10025.97,Test 3,"TP: 0.00, SL: 0.00"
2024-10-10,10027.81,Test 3,"TP: 0.00, SL: 0.00"
2024-10-02,10000.42,Test 3,"TP: 0.00, SL: 0.00"
2024-10-03,10001.47,Test 3,"TP: 0.00, SL: 0.00"
2024-10-07,10014.34,Test 3,"TP: 0.00, SL: 0.00"
2024-09-20,10000.00,Test 3,"TP: 0.00, SL: 0.00"
2024-09-27,10003.03,Test 3,"TP: 0.00, SL: 0.00"
2024-11-08,10050.76,Test 3,"TP: 0.00, SL: 0.00"
2024-10-29,10019.02,Test 3,"TP: 0.00, SL: 0.00"
2024-11-01,10014.43,Test 3,"TP: 0.00, SL: 0.00"
2024-10-24,10021.99,Test 3,"TP: 0.00, SL: 0.00"
2024-11-04,10007.17,Test 3,"TP: 0.00, SL: 0.00"
2024-10-01,9997.36,Test 3,"TP: 0.00, SL: 0.00"
2024-10-14,10038.28,Test 3,"TP: 0.00, SL: 0.00"
2024-10-31,10014.43,Test 3,"TP: 0.00, SL: 0.00"
2024-11-07,10050.76,Test 3,"TP: 0.00, SL: 0.00"
2024-09-24,10007.77,Test 3,"TP: 0.00, SL: 0.00"
2024-10-16,10041.85,Test 3,"TP: 0.00, SL: 0.00"
2024-10-15,10038.28,Test 3,"TP: 0.00, SL: 0.00"
2024-10-21,10045.24,Test 3,"TP: 0.00, SL: 0.00"
2024-11-05,10007.17,Test 3,"TP: 0.00, SL: 0.00"
2024-09-26,10003.03,Test 3,"TP: 0.00, SL: 0.00"
2024-09-30,9994.42,Test 3,"TP: 0.00, SL: 0.00"
2024-10-23,10024.42,Test 3,"TP: 0.00, SL: 0.00"
2024-10-25,10021.99,Test 3,"TP: 0.00, SL: 0.00"
2024-10-11,10038.28,Test 3,"TP: 0.00, SL: 0.00"
2024-10-17,10041.85,Test 3,"TP: 0.00, SL: 0.00"
2024-09-24,10007.77,Test 15,"TP: 0.00, SL: 0.00"
2024-09-30,9994.42,Test 15,"TP: 0.00, SL: 0.00"
2024-10-14,10038.28,Test 15,"TP: 0.00, SL: 0.00"
2024-09-20,10000.00,Test 15,"TP: 0.00, SL: 0.00"
2024-10-03,10001.47,Test 15,"TP: 0.00, SL: 0.00"
2024-10-28,10020.04,Test 15,"TP: 0.00, SL: 0.00"
2024-10-30,10014.43,Test 15,"TP: 0.00, SL: 0.00"
2024-10-31,10014.43,Test 15,"TP: 0.00, SL: 0.00"
2024-09-25,10007.05,Test 15,"TP: 0.00, SL: 0.00"
2024-10-08,10013.50,Test 15,"TP: 0.00, SL: 0.00"
2024-10-21,10045.24,Test 15,"TP: 0.00, SL: 0.00"
2024-10-24,10021.99,Test 15,"TP: 0.00, SL: 0.00"
2024-09-23,10003.03,Test 15,"TP: 0.00, SL: 0.00"
2024-10-09,10025.97,Test 15,"TP: 0.00, SL: 0.00"
2024-10-10,10027.81,Test 15,"TP: 0.00, SL: 0.00"
2024-10-18,10041.85,Test 15,"TP: 0.00, SL: 0.00"
2024-09-26,10003.03,Test 15,"TP: 0.00, SL: 0.00"
2024-10-04,10001.47,Test 15,"TP: 0.00, SL: 0.00"
2024-10-23,10024.42,Test 15,"TP: 0.00, SL: 0.00"
2024-10-29,10019.02,Test 15,"TP: 0.00, SL: 0.00"
2024-11-07,10065.01,Test 15,"TP: 0.00, SL: 0.00"
2024-09-27,10003.03,Test 15,"TP: 0.00, SL: 0.00"
2024-10-16,10041.85,Test 15,"TP: 0.00, SL: 0.00"
2024-10-25,10021.99,Test 15,"TP: 0.00, SL: 0.00"
2024-11-01,10014.43,Test 15,"TP: 0.00, SL: 0.00"
2024-11-04,10007.17,Test 15,"TP: 0.00, SL: 0.00"
2024-11-06,10046.95,Test 15,"TP: 0.00, SL: 0.00"
2024-11-08,10065.01,Test 15,"TP: 0.00, SL: 0.00"
2024-10-01,9997.36,Test 15,"TP: 0.00, SL: 0.00"
2024-10-02,10000.42,Test 15,"TP: 0.00, SL: 0.00"
2024-10-11,10038.28,Test 15,"TP: 0.00, SL: 0.00"
2024-10-15,10038.28,Test 15,"TP: 0.00, SL: 0.00"
2024-10-22,10041.91,Test 15,"TP: 0.00, SL: 0.00"
2024-11-05,10007.17,Test 15,"TP: 0.00, SL: 0.00"
2024-10-07,10014.34,Test 15,"TP: 0.00, SL: 0.00"
2024-10-17,10041.85,Test 15,"TP: 0.00, SL: 0.00"
2024-10-17,10045.96,Test 19,"TP: 0.00, SL: 0.00"
2024-09-24,10007.77,Test 19,"TP: 0.00, SL: 0.00"
2024-09-26,10003.03,Test 19,"TP: 0.00, SL: 0.00"
2024-09-30,9994.42,Test 19,"TP: 0.00, SL: 0.00"
2024-10-24,10041.73,Test 19,"TP: 0.00, SL: 0.00"
2024-10-30,10034.17,Test 19,"TP: 0.00, SL: 0.00"
2024-11-04,10026.91,Test 19,"TP: 0.00, SL: 0.00"
2024-11-05,10026.91,Test 19,"TP: 0.00, SL: 0.00"
2024-10-11,10025.68,Test 19,"TP: 0.00, SL: 0.00"
2024-10-15,10043.47,Test 19,"TP: 0.00, SL: 0.00"
2024-10-23,10044.16,Test 19,"TP: 0.00, SL: 0.00"
2024-10-22,10044.55,Test 19,"TP: 0.00, SL: 0.00"
2024-11-01,10034.17,Test 19,"TP: 0.00, SL: 0.00"
2024-10-01,9997.36,Test 19,"TP: 0.00, SL: 0.00"
2024-10-09,10022.30,Test 19,"TP: 0.00, SL: 0.00"
2024-10-21,10044.55,Test 19,"TP: 0.00, SL: 0.00"
2024-09-25,10007.05,Test 19,"TP: 0.00, SL: 0.00"
2024-10-04,10001.47,Test 19,"TP: 0.00, SL: 0.00"
2024-11-07,10089.79,Test 19,"TP: 0.00, SL: 0.00"
2024-10-31,10034.17,Test 19,"TP: 0.00, SL: 0.00"
2024-09-27,10003.03,Test 19,"TP: 0.00, SL: 0.00"
2024-10-03,10001.47,Test 19,"TP: 0.00, SL: 0.00"
2024-10-25,10041.73,Test 19,"TP: 0.00, SL: 0.00"
2024-10-28,10039.78,Test 19,"TP: 0.00, SL: 0.00"
2024-10-18,10045.96,Test 19,"TP: 0.00, SL: 0.00"
2024-09-20,10000.00,Test 19,"TP: 0.00, SL: 0.00"
2024-10-07,10017.89,Test 19,"TP: 0.00, SL: 0.00"
2024-10-16,10043.47,Test 19,"TP: 0.00, SL: 0.00"
2024-10-10,10022.09,Test 19,"TP: 0.00, SL: 0.00"
2024-10-14,10043.47,Test 19,"TP: 0.00, SL: 0.00"
2024-10-29,10038.76,Test 19,"TP: 0.00, SL: 0.00"
2024-11-06,10066.69,Test 19,"TP: 0.00, SL: 0.00"
2024-11-08,10089.79,Test 19,"TP: 0.00, SL: 0.00"
2024-09-23,10003.03,Test 19,"TP: 0.00, SL: 0.00"
2024-10-02,10000.42,Test 19,"TP: 0.00, SL: 0.00"
2024-10-08,10022.30,Test 19,"TP: 0.00, SL: 0.00"
2024-10-07,10014.34,Test 14,"TP: 0.00, SL: 0.00"
2024-10-30,10040.65,Test 14,"TP: 0.00, SL: 0.00"
2024-10-08,10013.50,Test 14,"TP: 0.00, SL: 0.00"
2024-10-31,10014.07,Test 14,"TP: 0.00, SL: 0.00"
2024-11-05,10006.81,Test 14,"TP: 0.00, SL: 0.00"
2024-11-08,10069.69,Test 14,"TP: 0.00, SL: 0.00"
2024-09-25,10007.05,Test 14,"TP: 0.00, SL: 0.00"
2024-10-04,10001.47,Test 14,"TP: 0.00, SL: 0.00"
2024-10-23,10041.91,Test 14,"TP: 0.00, SL: 0.00"
2024-10-24,10033.48,Test 14,"TP: 0.00, SL: 0.00"
2024-09-24,10007.77,Test 14,"TP: 0.00, SL: 0.00"
2024-09-26,10003.03,Test 14,"TP: 0.00, SL: 0.00"
2024-09-30,9994.42,Test 14,"TP: 0.00, SL: 0.00"
2024-10-09,10025.97,Test 14,"TP: 0.00, SL: 0.00"
2024-10-11,10038.28,Test 14,"TP: 0.00, SL: 0.00"
2024-10-15,10038.28,Test 14,"TP: 0.00, SL: 0.00"
2024-10-29,10036.06,Test 14,"TP: 0.00, SL: 0.00"
2024-11-01,10014.07,Test 14,"TP: 0.00, SL: 0.00"
2024-09-23,10003.03,Test 14,"TP: 0.00, SL: 0.00"
2024-09-27,10003.03,Test 14,"TP: 0.00, SL: 0.00"
2024-10-02,10000.42,Test 14,"TP: 0.00, SL: 0.00"
2024-10-03,10001.47,Test 14,"TP: 0.00, SL: 0.00"
2024-10-25,10033.48,Test 14,"TP: 0.00, SL: 0.00"
2024-10-16,10041.85,Test 14,"TP: 0.00, SL: 0.00"
2024-10-17,10041.85,Test 14,"TP: 0.00, SL: 0.00"
2024-10-18,10041.85,Test 14,"TP: 0.00, SL: 0.00"
2024-10-22,10041.91,Test 14,"TP: 0.00, SL: 0.00"
2024-10-21,10045.24,Test 14,"TP: 0.00, SL: 0.00"
2024-10-28,10043.56,Test 14,"TP: 0.00, SL: 0.00"
2024-11-04,10006.81,Test 14,"TP: 0.00, SL: 0.00"
2024-11-06,10046.59,Test 14,"TP: 0.00, SL: 0.00"
2024-09-20,10000.00,Test 14,"TP: 0.00, SL: 0.00"
2024-10-01,9997.36,Test 14,"TP: 0.00, SL: 0.00"
2024-10-10,10027.81,Test 14,"TP: 0.00, SL: 0.00"
2024-10-14,10038.28,Test 14,"TP: 0.00, SL: 0.00"
2024-11-07,10069.69,Test 14,"TP: 0.00, SL: 0.00"
2024-10-15,10043.47,Test 21,"TP: 0.00, SL: 0.00"
2024-10-22,10044.55,Test 21,"TP: 0.00, SL: 0.00"
2024-11-01,10034.17,Test 21,"TP: 0.00, SL: 0.00"
2024-09-23,10003.03,Test 21,"TP: 0.00, SL: 0.00"
2024-09-25,10007.05,Test 21,"TP: 0.00, SL: 0.00"
2024-10-02,10000.42,Test 21,"TP: 0.00, SL: 0.00"
2024-10-21,10044.55,Test 21,"TP: 0.00, SL: 0.00"
2024-11-07,10084.75,Test 21,"TP: 0.00, SL: 0.00"
2024-10-17,10045.96,Test 21,"TP: 0.00, SL: 0.00"
2024-10-25,10041.73,Test 21,"TP: 0.00, SL: 0.00"
2024-11-08,10084.75,Test 21,"TP: 0.00, SL: 0.00"
2024-09-26,10003.03,Test 21,"TP: 0.00, SL: 0.00"
2024-09-30,9994.42,Test 21,"TP: 0.00, SL: 0.00"
2024-10-04,10001.47,Test 21,"TP: 0.00, SL: 0.00"
2024-10-08,10022.30,Test 21,"TP: 0.00, SL: 0.00"
2024-10-09,10022.30,Test 21,"TP: 0.00, SL: 0.00"
2024-10-18,10045.96,Test 21,"TP: 0.00, SL: 0.00"
2024-10-23,10044.16,Test 21,"TP: 0.00, SL: 0.00"
2024-10-28,10039.78,Test 21,"TP: 0.00, SL: 0.00"
2024-10-31,10034.17,Test 21,"TP: 0.00, SL: 0.00"
2024-11-05,10026.91,Test 21,"TP: 0.00, SL: 0.00"
2024-09-24,10007.77,Test 21,"TP: 0.00, SL: 0.00"
2024-09-27,10003.03,Test 21,"TP: 0.00, SL: 0.00"
2024-10-01,9997.36,Test 21,"TP: 0.00, SL: 0.00"
2024-10-11,10025.68,Test 21,"TP: 0.00, SL: 0.00"
2024-10-14,10043.47,Test 21,"TP: 0.00, SL: 0.00"
2024-11-06,10066.69,Test 21,"TP: 0.00, SL: 0.00"
2024-09-20,10000.00,Test 21,"TP: 0.00, SL: 0.00"
2024-10-03,10001.47,Test 21,"TP: 0.00, SL: 0.00"
2024-10-10,10022.09,Test 21,"TP: 0.00, SL: 0.00"
2024-10-16,10043.47,Test 21,"TP: 0.00, SL: 0.00"
2024-10-30,10034.17,Test 21,"TP: 0.00, SL: 0.00"
2024-10-07,10017.89,Test 21,"TP: 0.00, SL: 0.00"
2024-10-24,10041.73,Test 21,"TP: 0.00, SL: 0.00"
2024-10-29,10038.76,Test 21,"TP: 0.00, SL: 0.00"
2024-11-04,10026.91,Test 21,"TP: 0.00, SL: 0.00"
